index,d__Bacteria,d__Archaea,id-orig,BarcodeNumber,BarcodeSequenceFull,BarcodeSequence,LinkerPrimerSequence,StudyID,Timepoint,Person
100,6510.0,0.0,80,230.0,CAAGCAGAAGACGGCATACGAGAT GGTTCCATTAGG AGTCAGTCAG CC GGACTACHVGGGTWTCTAAT        806rcbc230,GGTTCCATTAGG,AATGATACGGCGACCACCGAGATCTACACGCCTCCCTCGCGCCATCAGAGATGTG,369026,HC,Kylie
101,39354.0,1723.0,81,231.0,CAAGCAGAAGACGGCATACGAGAT GTGTTCCCAGAA AGTCAGTCAG CC GGACTACHVGGGTWTCTAAT        806rcbc231,GTGTTCCCAGAA,AATGATACGGCGACCACCGAGATCTACACGCCTCCCTCGCGCCATCAGAGATGTG,369101,HC,Kylie
104,22763.0,0.0,84,234.0,CAAGCAGAAGACGGCATACGAGAT CTCGTGAATGAC AGTCAGTCAG CC GGACTACHVGGGTWTCTAAT        806rcbc234,CTCGTGAATGAC,AATGATACGGCGACCACCGAGATCTACACGCCTCCCTCGCGCCATCAGAGATGTG,469027,T1,Kylie
114,35804.0,0.0,94,244.0,CAAGCAGAAGACGGCATACGAGAT GAGACGTGTTCT AGTCAGTCAG CC GGACTACHVGGGTWTCTAAT        806rcbc244,GAGACGTGTTCT,AATGATACGGCGACCACCGAGATCTACACGCCTCCCTCGCGCCATCAGAGATGTG,469108,T2,Kylie
115,20226.0,0.0,95,245.0,CAAGCAGAAGACGGCATACGAGAT TATCACCGGCAC AGTCAGTCAG CC GGACTACHVGGGTWTCTAAT        806rcbc245,TATCACCGGCAC,AATGATACGGCGACCACCGAGATCTACACGCCTCCCTCGCGCCATCAGAGATGTG,708,T1,Kylie
125,28758.0,0.0,105,255.0,CAAGCAGAAGACGGCATACGAGAT AATGACCTCGTG AGTCAGTCAG CC GGACTACHVGGGTWTCTAAT        806rcbc255,AATGACCTCGTG,AATGATACGGCGACCACCGAGATCTACACGCCTCCCTCGCGCCATCAGAGATGTG,718,T1,Kylie
128,9296.0,0.0,108,258.0,CAAGCAGAAGACGGCATACGAGAT GAGAGTCCACTT AGTCAGTCAG CC GGACTACHVGGGTWTCTAAT        806rcbc258,GAGAGTCCACTT,AATGATACGGCGACCACCGAGATCTACACGCCTCCCTCGCGCCATCAGAGATGTG,369017,T1,Kylie
129,2807.0,0.0,109,259.0,CAAGCAGAAGACGGCATACGAGAT GAACGGGACGTA AGTCAGTCAG CC GGACTACHVGGGTWTCTAAT        806rcbc259,GAACGGGACGTA,AATGATACGGCGACCACCGAGATCTACACGCCTCCCTCGCGCCATCAGAGATGTG,369104,HC,Kylie
133,23061.0,0.0,113,284.0,CAAGCAGAAGACGGCATACGAGAT ATAACATGTGCG AGTCAGTCAG CC GGACTACHVGGGTWTCTAAT        806rcbc284,ATAACATGTGCG,AATGATACGGCGACCACCGAGATCTACACGCCTCCCTCGCGCCATCAGAGATGTG,369106,HC,Kylie
134,24471.0,388.0,114,285.0,CAAGCAGAAGACGGCATACGAGAT CTTGAGAAATCG AGTCAGTCAG CC GGACTACHVGGGTWTCTAAT        806rcbc285,CTTGAGAAATCG,AATGATACGGCGACCACCGAGATCTACACGCCTCCCTCGCGCCATCAGAGATGTG,369137,HC,Kylie
135,7096.0,0.0,115,286.0,CAAGCAGAAGACGGCATACGAGAT CTACACAGCACA AGTCAGTCAG CC GGACTACHVGGGTWTCTAAT        806rcbc286,CTACACAGCACA,AATGATACGGCGACCACCGAGATCTACACGCCTCCCTCGCGCCATCAGAGATGTG,369096,T1,Kylie
136,6180.0,0.0,116,287.0,CAAGCAGAAGACGGCATACGAGAT GAAATGCTACGT AGTCAGTCAG CC GGACTACHVGGGTWTCTAAT        806rcbc287,GAAATGCTACGT,AATGATACGGCGACCACCGAGATCTACACGCCTCCCTCGCGCCATCAGAGATGTG,469063,HC,Kylie
137,29469.0,0.0,117,288.0,CAAGCAGAAGACGGCATACGAGAT TCTGAGGTTGCC AGTCAGTCAG CC GGACTACHVGGGTWTCTAAT        806rcbc288,TCTGAGGTTGCC,AATGATACGGCGACCACCGAGATCTACACGCCTCCCTCGCGCCATCAGAGATGTG,469062,HC,Kylie
138,25839.0,0.0,118,289.0,CAAGCAGAAGACGGCATACGAGAT GATCATTCTCTC AGTCAGTCAG CC GGACTACHVGGGTWTCTAAT        806rcbc289,GATCATTCTCTC,AATGATACGGCGACCACCGAGATCTACACGCCTCCCTCGCGCCATCAGAGATGTG,469045,T1,Kylie
139,33369.0,0.0,119,290.0,CAAGCAGAAGACGGCATACGAGAT AGACATACCGTA AGTCAGTCAG CC GGACTACHVGGGTWTCTAAT        806rcbc290,AGACATACCGTA,AATGATACGGCGACCACCGAGATCTACACGCCTCCCTCGCGCCATCAGAGATGTG,369042,HC,Kylie
140,19941.0,0.0,120,291.0,CAAGCAGAAGACGGCATACGAGAT GATCCTCATGCG AGTCAGTCAG CC GGACTACHVGGGTWTCTAAT        806rcbc291,GATCCTCATGCG,AATGATACGGCGACCACCGAGATCTACACGCCTCCCTCGCGCCATCAGAGATGTG,369080,T1,Kylie
141,35994.0,0.0,121,292.0,CAAGCAGAAGACGGCATACGAGAT ATTATCGTCCCT AGTCAGTCAG CC GGACTACHVGGGTWTCTAAT        806rcbc292,ATTATCGTCCCT,AATGATACGGCGACCACCGAGATCTACACGCCTCCCTCGCGCCATCAGAGATGTG,369065,HC,Kylie
142,15234.0,0.0,122,293.0,CAAGCAGAAGACGGCATACGAGAT CCAGACCGCTAT AGTCAGTCAG CC GGACTACHVGGGTWTCTAAT        806rcbc293,CCAGACCGCTAT,AATGATACGGCGACCACCGAGATCTACACGCCTCCCTCGCGCCATCAGAGATGTG,711,T1,Kylie
143,19960.0,0.0,123,294.0,CAAGCAGAAGACGGCATACGAGAT AGCTCTAGAAAC AGTCAGTCAG CC GGACTACHVGGGTWTCTAAT        806rcbc294,AGCTCTAGAAAC,AATGATACGGCGACCACCGAGATCTACACGCCTCCCTCGCGCCATCAGAGATGTG,369120,T1,Kylie
144,25363.0,0.0,124,295.0,CAAGCAGAAGACGGCATACGAGAT TCCATCGACGTG AGTCAGTCAG CC GGACTACHVGGGTWTCTAAT        806rcbc295,TCCATCGACGTG,AATGATACGGCGACCACCGAGATCTACACGCCTCCCTCGCGCCATCAGAGATGTG,369051,HC,Kylie
145,30290.0,0.0,125,296.0,CAAGCAGAAGACGGCATACGAGAT CGATGTGTGGTT AGTCAGTCAG CC GGACTACHVGGGTWTCTAAT        806rcbc296,CGATGTGTGGTT,AATGATACGGCGACCACCGAGATCTACACGCCTCCCTCGCGCCATCAGAGATGTG,469042,T1,Kylie
146,21376.0,0.0,126,297.0,CAAGCAGAAGACGGCATACGAGAT GCGAAGTTGGGA AGTCAGTCAG CC GGACTACHVGGGTWTCTAAT        806rcbc297,GCGAAGTTGGGA,AATGATACGGCGACCACCGAGATCTACACGCCTCCCTCGCGCCATCAGAGATGTG,469065,HC,Kylie
147,2831.0,0.0,127,298.0,CAAGCAGAAGACGGCATACGAGAT GCATTCGGCGTT AGTCAGTCAG CC GGACTACHVGGGTWTCTAAT        806rcbc298,GCATTCGGCGTT,AATGATACGGCGACCACCGAGATCTACACGCCTCCCTCGCGCCATCAGAGATGTG,369070,HC,Kylie
148,38337.0,0.0,128,299.0,CAAGCAGAAGACGGCATACGAGAT CGCCATTGTGCA AGTCAGTCAG CC GGACTACHVGGGTWTCTAAT        806rcbc299,CGCCATTGTGCA,AATGATACGGCGACCACCGAGATCTACACGCCTCCCTCGCGCCATCAGAGATGTG,369118,HC,Kylie
149,14597.0,0.0,129,300.0,CAAGCAGAAGACGGCATACGAGAT TCCAACTGCAGA AGTCAGTCAG CC GGACTACHVGGGTWTCTAAT        806rcbc300,TCCAACTGCAGA,AATGATACGGCGACCACCGAGATCTACACGCCTCCCTCGCGCCATCAGAGATGTG,469067,HC,Kylie
150,30873.0,0.0,130,301.0,CAAGCAGAAGACGGCATACGAGAT TAAAGACCCGTA AGTCAGTCAG CC GGACTACHVGGGTWTCTAAT        806rcbc301,TAAAGACCCGTA,AATGATACGGCGACCACCGAGATCTACACGCCTCCCTCGCGCCATCAGAGATGTG,469028,T2,Kylie
151,36096.0,0.0,131,302.0,CAAGCAGAAGACGGCATACGAGAT TGTATCTTCACC AGTCAGTCAG CC GGACTACHVGGGTWTCTAAT        806rcbc302,TGTATCTTCACC,AATGATACGGCGACCACCGAGATCTACACGCCTCCCTCGCGCCATCAGAGATGTG,469068,HC,Kylie
152,17901.0,0.0,132,303.0,CAAGCAGAAGACGGCATACGAGAT GACTGACTCGTC AGTCAGTCAG CC GGACTACHVGGGTWTCTAAT        806rcbc303,GACTGACTCGTC,AATGATACGGCGACCACCGAGATCTACACGCCTCCCTCGCGCCATCAGAGATGTG,369094,HC,Kylie
153,30770.0,2.0,133,304.0,CAAGCAGAAGACGGCATACGAGAT TCGTGGATAGCT AGTCAGTCAG CC GGACTACHVGGGTWTCTAAT        806rcbc304,TCGTGGATAGCT,AATGATACGGCGACCACCGAGATCTACACGCCTCCCTCGCGCCATCAGAGATGTG,469019,T1,Kylie
154,19943.0,0.0,134,305.0,CAAGCAGAAGACGGCATACGAGAT GACGCACTAACT AGTCAGTCAG CC GGACTACHVGGGTWTCTAAT        806rcbc305,GACGCACTAACT,AATGATACGGCGACCACCGAGATCTACACGCCTCCCTCGCGCCATCAGAGATGTG,369081,T2,Kylie
155,4349.0,0.0,135,306.0,CAAGCAGAAGACGGCATACGAGAT GGCGATTTACGT AGTCAGTCAG CC GGACTACHVGGGTWTCTAAT        806rcbc306,GGCGATTTACGT,AATGATACGGCGACCACCGAGATCTACACGCCTCCCTCGCGCCATCAGAGATGTG,469013,T2,Kylie
156,38148.0,0.0,136,307.0,CAAGCAGAAGACGGCATACGAGAT TAAGGCATCGCT AGTCAGTCAG CC GGACTACHVGGGTWTCTAAT        806rcbc307,TAAGGCATCGCT,AATGATACGGCGACCACCGAGATCTACACGCCTCCCTCGCGCCATCAGAGATGTG,469077,HC,Kylie
157,31845.0,0.0,137,308.0,CAAGCAGAAGACGGCATACGAGAT ACCCATACAGCC AGTCAGTCAG CC GGACTACHVGGGTWTCTAAT        806rcbc308,ACCCATACAGCC,AATGATACGGCGACCACCGAGATCTACACGCCTCCCTCGCGCCATCAGAGATGTG,469045,T2,Kylie
160,22486.0,0.0,140,311.0,CAAGCAGAAGACGGCATACGAGAT CTACGAAAGCCT AGTCAGTCAG CC GGACTACHVGGGTWTCTAAT        806rcbc311,CTACGAAAGCCT,AATGATACGGCGACCACCGAGATCTACACGCCTCCCTCGCGCCATCAGAGATGTG,469017,T1,Kylie
161,43802.0,0.0,141,312.0,CAAGCAGAAGACGGCATACGAGAT ATAATTGCCGAG AGTCAGTCAG CC GGACTACHVGGGTWTCTAAT        806rcbc312,ATAATTGCCGAG,AATGATACGGCGACCACCGAGATCTACACGCCTCCCTCGCGCCATCAGAGATGTG,469106,T2,Kylie
162,49748.0,0.0,142,313.0,CAAGCAGAAGACGGCATACGAGAT GGCATGTTATCG AGTCAGTCAG CC GGACTACHVGGGTWTCTAAT        806rcbc313,GGCATGTTATCG,AATGATACGGCGACCACCGAGATCTACACGCCTCCCTCGCGCCATCAGAGATGTG,469112,T1,Kylie
163,45916.0,0.0,143,314.0,CAAGCAGAAGACGGCATACGAGAT AGGCACAGTAGG AGTCAGTCAG CC GGACTACHVGGGTWTCTAAT        806rcbc314,AGGCACAGTAGG,AATGATACGGCGACCACCGAGATCTACACGCCTCCCTCGCGCCATCAGAGATGTG,710,T1,Kylie
164,27155.0,1087.0,144,315.0,CAAGCAGAAGACGGCATACGAGAT CTACTTACATCC AGTCAGTCAG CC GGACTACHVGGGTWTCTAAT        806rcbc315,CTACTTACATCC,AATGATACGGCGACCACCGAGATCTACACGCCTCCCTCGCGCCATCAGAGATGTG,369016,T2,Kylie
165,35914.0,0.0,145,316.0,CAAGCAGAAGACGGCATACGAGAT CTCTTCTGATCA AGTCAGTCAG CC GGACTACHVGGGTWTCTAAT        806rcbc316,CTCTTCTGATCA,AATGATACGGCGACCACCGAGATCTACACGCCTCCCTCGCGCCATCAGAGATGTG,369124,HC,Kylie
166,31289.0,0.0,146,317.0,CAAGCAGAAGACGGCATACGAGAT ATGCTAACCACG AGTCAGTCAG CC GGACTACHVGGGTWTCTAAT        806rcbc317,ATGCTAACCACG,AATGATACGGCGACCACCGAGATCTACACGCCTCCCTCGCGCCATCAGAGATGTG,369004,HC,Kylie
167,36838.0,111.0,147,318.0,CAAGCAGAAGACGGCATACGAGAT ACCAATCTCGGC AGTCAGTCAG CC GGACTACHVGGGTWTCTAAT        806rcbc318,ACCAATCTCGGC,AATGATACGGCGACCACCGAGATCTACACGCCTCCCTCGCGCCATCAGAGATGTG,369006,HC,Kylie
169,26640.0,0.0,149,320.0,CAAGCAGAAGACGGCATACGAGAT GTACTGAAGATC AGTCAGTCAG CC GGACTACHVGGGTWTCTAAT        806rcbc320,GTACTGAAGATC,AATGATACGGCGACCACCGAGATCTACACGCCTCCCTCGCGCCATCAGAGATGTG,369011,HC,Kylie
170,28835.0,0.0,150,321.0,CAAGCAGAAGACGGCATACGAGAT TCGCCGTGTACA AGTCAGTCAG CC GGACTACHVGGGTWTCTAAT        806rcbc321,TCGCCGTGTACA,AATGATACGGCGACCACCGAGATCTACACGCCTCCCTCGCGCCATCAGAGATGTG,469020,T1,Kylie
171,37746.0,0.0,151,322.0,CAAGCAGAAGACGGCATACGAGAT AACTGCGATATG AGTCAGTCAG CC GGACTACHVGGGTWTCTAAT        806rcbc322,AACTGCGATATG,AATGATACGGCGACCACCGAGATCTACACGCCTCCCTCGCGCCATCAGAGATGTG,469113,T1,Kylie
172,25424.0,0.0,152,323.0,CAAGCAGAAGACGGCATACGAGAT CTTCCAACTCAT AGTCAGTCAG CC GGACTACHVGGGTWTCTAAT        806rcbc323,CTTCCAACTCAT,AATGATACGGCGACCACCGAGATCTACACGCCTCCCTCGCGCCATCAGAGATGTG,369015,T2,Kylie
173,14340.0,0.0,153,324.0,CAAGCAGAAGACGGCATACGAGAT GAGATCGCCTAT AGTCAGTCAG CC GGACTACHVGGGTWTCTAAT        806rcbc324,GAGATCGCCTAT,AATGATACGGCGACCACCGAGATCTACACGCCTCCCTCGCGCCATCAGAGATGTG,703,T1,Kylie
174,26788.0,0.0,154,325.0,CAAGCAGAAGACGGCATACGAGAT TGTACATCGCCG AGTCAGTCAG CC GGACTACHVGGGTWTCTAAT        806rcbc325,TGTACATCGCCG,AATGATACGGCGACCACCGAGATCTACACGCCTCCCTCGCGCCATCAGAGATGTG,369080,T2,Kylie
175,27357.0,4580.0,155,326.0,CAAGCAGAAGACGGCATACGAGAT TGTTAAGCAGCA AGTCAGTCAG CC GGACTACHVGGGTWTCTAAT        806rcbc326,TGTTAAGCAGCA,AATGATACGGCGACCACCGAGATCTACACGCCTCCCTCGCGCCATCAGAGATGTG,469001,T2,Kylie
176,15471.0,0.0,156,327.0,CAAGCAGAAGACGGCATACGAGAT ACGGCGTTATGT AGTCAGTCAG CC GGACTACHVGGGTWTCTAAT        806rcbc327,ACGGCGTTATGT,AATGATACGGCGACCACCGAGATCTACACGCCTCCCTCGCGCCATCAGAGATGTG,469041,T2,Kylie
177,32128.0,0.0,157,328.0,CAAGCAGAAGACGGCATACGAGAT ACTTTGCTTTGC AGTCAGTCAG CC GGACTACHVGGGTWTCTAAT        806rcbc328,ACTTTGCTTTGC,AATGATACGGCGACCACCGAGATCTACACGCCTCCCTCGCGCCATCAGAGATGTG,369063,HC,Kylie
179,7897.0,0.0,159,330.0,CAAGCAGAAGACGGCATACGAGAT CGAAACTACGTA AGTCAGTCAG CC GGACTACHVGGGTWTCTAAT        806rcbc330,CGAAACTACGTA,AATGATACGGCGACCACCGAGATCTACACGCCTCCCTCGCGCCATCAGAGATGTG,369116,T1,Kylie
180,13174.0,0.0,160,331.0,CAAGCAGAAGACGGCATACGAGAT GAGGACCAGCAA AGTCAGTCAG CC GGACTACHVGGGTWTCTAAT        806rcbc331,GAGGACCAGCAA,AATGATACGGCGACCACCGAGATCTACACGCCTCCCTCGCGCCATCAGAGATGTG,469004,T2,Kylie
181,19196.0,0.0,161,332.0,CAAGCAGAAGACGGCATACGAGAT AATAGCATGTCG AGTCAGTCAG CC GGACTACHVGGGTWTCTAAT        806rcbc332,AATAGCATGTCG,AATGATACGGCGACCACCGAGATCTACACGCCTCCCTCGCGCCATCAGAGATGTG,469014,T2,Kylie
182,16292.0,0.0,162,333.0,CAAGCAGAAGACGGCATACGAGAT CGGAGTAATCCT AGTCAGTCAG CC GGACTACHVGGGTWTCTAAT        806rcbc333,CGGAGTAATCCT,AATGATACGGCGACCACCGAGATCTACACGCCTCCCTCGCGCCATCAGAGATGTG,469006,T2,Kylie
183,16897.0,0.0,163,334.0,CAAGCAGAAGACGGCATACGAGAT CTGTGTCCATGG AGTCAGTCAG CC GGACTACHVGGGTWTCTAAT        806rcbc334,CTGTGTCCATGG,AATGATACGGCGACCACCGAGATCTACACGCCTCCCTCGCGCCATCAGAGATGTG,715,T1,Kylie
184,25656.0,0.0,164,335.0,CAAGCAGAAGACGGCATACGAGAT CTTCGCGGATGT AGTCAGTCAG CC GGACTACHVGGGTWTCTAAT        806rcbc335,CTTCGCGGATGT,AATGATACGGCGACCACCGAGATCTACACGCCTCCCTCGCGCCATCAGAGATGTG,369085,T2,Kylie
185,24054.0,0.0,165,336.0,CAAGCAGAAGACGGCATACGAGAT ATAGGCTGTAGT AGTCAGTCAG CC GGACTACHVGGGTWTCTAAT        806rcbc336,ATAGGCTGTAGT,AATGATACGGCGACCACCGAGATCTACACGCCTCCCTCGCGCCATCAGAGATGTG,469037,T1,Kylie
186,35996.0,0.0,166,337.0,CAAGCAGAAGACGGCATACGAGAT TGTGTAGCCATG AGTCAGTCAG CC GGACTACHVGGGTWTCTAAT        806rcbc337,TGTGTAGCCATG,AATGATACGGCGACCACCGAGATCTACACGCCTCCCTCGCGCCATCAGAGATGTG,469026,T1,Kylie
187,1900.0,0.0,167,338.0,CAAGCAGAAGACGGCATACGAGAT AAGGGCGCTGAA AGTCAGTCAG CC GGACTACHVGGGTWTCTAAT        806rcbc338,AAGGGCGCTGAA,AATGATACGGCGACCACCGAGATCTACACGCCTCCCTCGCGCCATCAGAGATGTG,469032,T1,Kylie
188,23529.0,0.0,168,339.0,CAAGCAGAAGACGGCATACGAGAT GTTTCCGTGGTG AGTCAGTCAG CC GGACTACHVGGGTWTCTAAT        806rcbc339,GTTTCCGTGGTG,AATGATACGGCGACCACCGAGATCTACACGCCTCCCTCGCGCCATCAGAGATGTG,469049,T2,Kylie
189,3264.0,0.0,169,340.0,CAAGCAGAAGACGGCATACGAGAT AGGAACCAGACG AGTCAGTCAG CC GGACTACHVGGGTWTCTAAT        806rcbc340,AGGAACCAGACG,AATGATACGGCGACCACCGAGATCTACACGCCTCCCTCGCGCCATCAGAGATGTG,369062,HC,Kylie
191,1023.0,0.0,171,342.0,CAAGCAGAAGACGGCATACGAGAT TATGAACGTCCG AGTCAGTCAG CC GGACTACHVGGGTWTCTAAT        806rcbc342,TATGAACGTCCG,AATGATACGGCGACCACCGAGATCTACACGCCTCCCTCGCGCCATCAGAGATGTG,469050,T2,Kylie
192,30490.0,0.0,172,343.0,CAAGCAGAAGACGGCATACGAGAT CCACATTGGGTC AGTCAGTCAG CC GGACTACHVGGGTWTCTAAT        806rcbc343,CCACATTGGGTC,AATGATACGGCGACCACCGAGATCTACACGCCTCCCTCGCGCCATCAGAGATGTG,369084,HC,Kylie
193,7406.0,0.0,173,344.0,CAAGCAGAAGACGGCATACGAGAT TCAGTCAGATGA AGTCAGTCAG CC GGACTACHVGGGTWTCTAAT        806rcbc344,TCAGTCAGATGA,AATGATACGGCGACCACCGAGATCTACACGCCTCCCTCGCGCCATCAGAGATGTG,369112,HC,Kylie
194,10240.0,0.0,174,345.0,CAAGCAGAAGACGGCATACGAGAT AAGTCACACACA AGTCAGTCAG CC GGACTACHVGGGTWTCTAAT        806rcbc345,AAGTCACACACA,AATGATACGGCGACCACCGAGATCTACACGCCTCCCTCGCGCCATCAGAGATGTG,469028,T1,Kylie
195,32610.0,0.0,175,346.0,CAAGCAGAAGACGGCATACGAGAT GCTGTGATTCGA AGTCAGTCAG CC GGACTACHVGGGTWTCTAAT        806rcbc346,GCTGTGATTCGA,AATGATACGGCGACCACCGAGATCTACACGCCTCCCTCGCGCCATCAGAGATGTG,369105,HC,Kylie
196,41575.0,0.0,176,347.0,CAAGCAGAAGACGGCATACGAGAT CTAGCTATGGAC AGTCAGTCAG CC GGACTACHVGGGTWTCTAAT        806rcbc347,CTAGCTATGGAC,AATGATACGGCGACCACCGAGATCTACACGCCTCCCTCGCGCCATCAGAGATGTG,469035,T2,Kylie
197,20883.0,0.0,177,348.0,CAAGCAGAAGACGGCATACGAGAT CTTGACGAGGTT AGTCAGTCAG CC GGACTACHVGGGTWTCTAAT        806rcbc348,CTTGACGAGGTT,AATGATACGGCGACCACCGAGATCTACACGCCTCCCTCGCGCCATCAGAGATGTG,469033,T1,Kylie
198,6856.0,0.0,178,349.0,CAAGCAGAAGACGGCATACGAGAT ACCTGGGAATAT AGTCAGTCAG CC GGACTACHVGGGTWTCTAAT        806rcbc349,ACCTGGGAATAT,AATGATACGGCGACCACCGAGATCTACACGCCTCCCTCGCGCCATCAGAGATGTG,469059,HC,Kylie
199,29550.0,0.0,179,350.0,CAAGCAGAAGACGGCATACGAGAT CTCTGCCTAATT AGTCAGTCAG CC GGACTACHVGGGTWTCTAAT        806rcbc350,CTCTGCCTAATT,AATGATACGGCGACCACCGAGATCTACACGCCTCCCTCGCGCCATCAGAGATGTG,469030,T1,Kylie
200,8675.0,0.0,180,351.0,CAAGCAGAAGACGGCATACGAGAT ATATGACCCAGC AGTCAGTCAG CC GGACTACHVGGGTWTCTAAT        806rcbc351,ATATGACCCAGC,AATGATACGGCGACCACCGAGATCTACACGCCTCCCTCGCGCCATCAGAGATGTG,369135,T1,Kylie
201,13803.0,28.0,181,352.0,CAAGCAGAAGACGGCATACGAGAT CTCTATTCCACC AGTCAGTCAG CC GGACTACHVGGGTWTCTAAT        806rcbc352,CTCTATTCCACC,AATGATACGGCGACCACCGAGATCTACACGCCTCCCTCGCGCCATCAGAGATGTG,469064,HC,Kylie
202,20301.0,0.0,182,353.0,CAAGCAGAAGACGGCATACGAGAT ATTGAGTGAGTC AGTCAGTCAG CC GGACTACHVGGGTWTCTAAT        806rcbc353,ATTGAGTGAGTC,AATGATACGGCGACCACCGAGATCTACACGCCTCCCTCGCGCCATCAGAGATGTG,469101,T1,Kylie
203,6329.0,0.0,183,354.0,CAAGCAGAAGACGGCATACGAGAT TTATGGTACGGA AGTCAGTCAG CC GGACTACHVGGGTWTCTAAT        806rcbc354,TTATGGTACGGA,AATGATACGGCGACCACCGAGATCTACACGCCTCCCTCGCGCCATCAGAGATGTG,469075,HC,Kylie
204,19813.0,0.0,184,355.0,CAAGCAGAAGACGGCATACGAGAT GCTAGTTATGGA AGTCAGTCAG CC GGACTACHVGGGTWTCTAAT        806rcbc355,GCTAGTTATGGA,AATGATACGGCGACCACCGAGATCTACACGCCTCCCTCGCGCCATCAGAGATGTG,369083,HC,Kylie
205,2114.0,0.0,185,356.0,CAAGCAGAAGACGGCATACGAGAT CAGATTAACCAG AGTCAGTCAG CC GGACTACHVGGGTWTCTAAT        806rcbc356,CAGATTAACCAG,AATGATACGGCGACCACCGAGATCTACACGCCTCCCTCGCGCCATCAGAGATGTG,469079,HC,Kylie
206,18146.0,0.0,186,357.0,CAAGCAGAAGACGGCATACGAGAT GGCTGCATACTC AGTCAGTCAG CC GGACTACHVGGGTWTCTAAT        806rcbc357,GGCTGCATACTC,AATGATACGGCGACCACCGAGATCTACACGCCTCCCTCGCGCCATCAGAGATGTG,469029,T1,Kylie
207,21020.0,403.0,187,358.0,CAAGCAGAAGACGGCATACGAGAT TTGGTAAAGTGC AGTCAGTCAG CC GGACTACHVGGGTWTCTAAT        806rcbc358,TTGGTAAAGTGC,AATGATACGGCGACCACCGAGATCTACACGCCTCCCTCGCGCCATCAGAGATGTG,369025,T1,Kylie
208,10659.0,1172.0,188,359.0,CAAGCAGAAGACGGCATACGAGAT AAGTGGCTATCC AGTCAGTCAG CC GGACTACHVGGGTWTCTAAT        806rcbc359,AAGTGGCTATCC,AATGATACGGCGACCACCGAGATCTACACGCCTCCCTCGCGCCATCAGAGATGTG,369035,HC,Kylie
209,4705.0,0.0,189,360.0,CAAGCAGAAGACGGCATACGAGAT AACCGATGTACC AGTCAGTCAG CC GGACTACHVGGGTWTCTAAT        806rcbc360,AACCGATGTACC,AATGATACGGCGACCACCGAGATCTACACGCCTCCCTCGCGCCATCAGAGATGTG,469014,T1,Kylie
210,13546.0,0.0,190,362.0,CAAGCAGAAGACGGCATACGAGAT GCATTACTGGAC AGTCAGTCAG CC GGACTACHVGGGTWTCTAAT        806rcbc362,GCATTACTGGAC,AATGATACGGCGACCACCGAGATCTACACGCCTCCCTCGCGCCATCAGAGATGTG,469015,T1,Kylie
211,21038.0,0.0,191,363.0,CAAGCAGAAGACGGCATACGAGAT TTGGGCCACATA AGTCAGTCAG CC GGACTACHVGGGTWTCTAAT        806rcbc363,TTGGGCCACATA,AATGATACGGCGACCACCGAGATCTACACGCCTCCCTCGCGCCATCAGAGATGTG,469029,T2,Kylie
212,9677.0,0.0,192,364.0,CAAGCAGAAGACGGCATACGAGAT CACACAAAGTCA AGTCAGTCAG CC GGACTACHVGGGTWTCTAAT        806rcbc364,CACACAAAGTCA,AATGATACGGCGACCACCGAGATCTACACGCCTCCCTCGCGCCATCAGAGATGTG,369109,T1,Kylie
213,32970.0,0.0,193,365.0,CAAGCAGAAGACGGCATACGAGAT GCCAAGGATAGG AGTCAGTCAG CC GGACTACHVGGGTWTCTAAT        806rcbc365,GCCAAGGATAGG,AATGATACGGCGACCACCGAGATCTACACGCCTCCCTCGCGCCATCAGAGATGTG,369043,T2,Kylie
214,6112.0,0.0,194,366.0,CAAGCAGAAGACGGCATACGAGAT CGCCACGTGTAT AGTCAGTCAG CC GGACTACHVGGGTWTCTAAT        806rcbc366,CGCCACGTGTAT,AATGATACGGCGACCACCGAGATCTACACGCCTCCCTCGCGCCATCAGAGATGTG,469104,T2,Kylie
215,12023.0,0.0,195,367.0,CAAGCAGAAGACGGCATACGAGAT GCAACCGATTGT AGTCAGTCAG CC GGACTACHVGGGTWTCTAAT        806rcbc367,GCAACCGATTGT,AATGATACGGCGACCACCGAGATCTACACGCCTCCCTCGCGCCATCAGAGATGTG,702,T1,Kylie
216,26096.0,0.0,196,368.0,CAAGCAGAAGACGGCATACGAGAT CATGTGCTTAGG AGTCAGTCAG CC GGACTACHVGGGTWTCTAAT        806rcbc368,CATGTGCTTAGG,AATGATACGGCGACCACCGAGATCTACACGCCTCCCTCGCGCCATCAGAGATGTG,369046,HC,Kylie
217,15449.0,0.0,197,369.0,CAAGCAGAAGACGGCATACGAGAT GTTCCTCCATTA AGTCAGTCAG CC GGACTACHVGGGTWTCTAAT        806rcbc369,GTTCCTCCATTA,AATGATACGGCGACCACCGAGATCTACACGCCTCCCTCGCGCCATCAGAGATGTG,469052,HC,Kylie
218,15951.0,0.0,198,370.0,CAAGCAGAAGACGGCATACGAGAT ACCTGTCCTTTC AGTCAGTCAG CC GGACTACHVGGGTWTCTAAT        806rcbc370,ACCTGTCCTTTC,AATGATACGGCGACCACCGAGATCTACACGCCTCCCTCGCGCCATCAGAGATGTG,369073,T1,Kylie
219,15151.0,0.0,199,371.0,CAAGCAGAAGACGGCATACGAGAT GTTCACGCCCAA AGTCAGTCAG CC GGACTACHVGGGTWTCTAAT        806rcbc371,GTTCACGCCCAA,AATGATACGGCGACCACCGAGATCTACACGCCTCCCTCGCGCCATCAGAGATGTG,369048,T1,Kylie
22,23849.0,0.0,2,62.0,CAAGCAGAAGACGGCATACGAGAT GCTCGAAGATTC AGTCAGTCAG CC GGACTACHVGGGTWTCTAAT        806rcbc62,GCTCGAAGATTC,AATGATACGGCGACCACCGAGATCTACACGCCTCCCTCGCGCCATCAGAGATGTG,369034,T1,Kylie
220,15650.0,0.0,200,372.0,CAAGCAGAAGACGGCATACGAGAT CGATCGAACACT AGTCAGTCAG CC GGACTACHVGGGTWTCTAAT        806rcbc372,CGATCGAACACT,AATGATACGGCGACCACCGAGATCTACACGCCTCCCTCGCGCCATCAGAGATGTG,469069,HC,Kylie
221,39833.0,0.0,201,373.0,CAAGCAGAAGACGGCATACGAGAT CATGCCAACATG AGTCAGTCAG CC GGACTACHVGGGTWTCTAAT        806rcbc373,CATGCCAACATG,AATGATACGGCGACCACCGAGATCTACACGCCTCCCTCGCGCCATCAGAGATGTG,469048,T1,Kylie
222,4478.0,0.0,202,374.0,CAAGCAGAAGACGGCATACGAGAT GAGTACAGTCTA AGTCAGTCAG CC GGACTACHVGGGTWTCTAAT        806rcbc374,GAGTACAGTCTA,AATGATACGGCGACCACCGAGATCTACACGCCTCCCTCGCGCCATCAGAGATGTG,706,T2,Kylie
223,28877.0,31.0,203,375.0,CAAGCAGAAGACGGCATACGAGAT CCTACATGAGAC AGTCAGTCAG CC GGACTACHVGGGTWTCTAAT        806rcbc375,CCTACATGAGAC,AATGATACGGCGACCACCGAGATCTACACGCCTCCCTCGCGCCATCAGAGATGTG,369007,T2,Kylie
224,30240.0,0.0,204,376.0,CAAGCAGAAGACGGCATACGAGAT TCCGTGGTATAG AGTCAGTCAG CC GGACTACHVGGGTWTCTAAT        806rcbc376,TCCGTGGTATAG,AATGATACGGCGACCACCGAGATCTACACGCCTCCCTCGCGCCATCAGAGATGTG,369135,T2,Kylie
225,7945.0,0.0,205,377.0,CAAGCAGAAGACGGCATACGAGAT TCTACGGCACGT AGTCAGTCAG CC GGACTACHVGGGTWTCTAAT        806rcbc377,TCTACGGCACGT,AATGATACGGCGACCACCGAGATCTACACGCCTCCCTCGCGCCATCAGAGATGTG,469010,T1,Kylie
226,14272.0,197.0,206,378.0,CAAGCAGAAGACGGCATACGAGAT ATGCTGCAACAC AGTCAGTCAG CC GGACTACHVGGGTWTCTAAT        806rcbc378,ATGCTGCAACAC,AATGATACGGCGACCACCGAGATCTACACGCCTCCCTCGCGCCATCAGAGATGTG,369016,T1,Kylie
227,43678.0,0.0,207,379.0,CAAGCAGAAGACGGCATACGAGAT TTCTCATGGAGG AGTCAGTCAG CC GGACTACHVGGGTWTCTAAT        806rcbc379,TTCTCATGGAGG,AATGATACGGCGACCACCGAGATCTACACGCCTCCCTCGCGCCATCAGAGATGTG,706,T1,Kylie
228,37517.0,0.0,208,381.0,CAAGCAGAAGACGGCATACGAGAT GCTATCAAGACA AGTCAGTCAG CC GGACTACHVGGGTWTCTAAT        806rcbc381,GCTATCAAGACA,AATGATACGGCGACCACCGAGATCTACACGCCTCCCTCGCGCCATCAGAGATGTG,369068,T2,Kylie
229,21830.0,0.0,209,382.0,CAAGCAGAAGACGGCATACGAGAT CCGTGACAACTC AGTCAGTCAG CC GGACTACHVGGGTWTCTAAT        806rcbc382,CCGTGACAACTC,AATGATACGGCGACCACCGAGATCTACACGCCTCCCTCGCGCCATCAGAGATGTG,469048,T2,Kylie
23,20098.0,0.0,3,63.0,CAAGCAGAAGACGGCATACGAGAT AGGCTTACGTGT AGTCAGTCAG CC GGACTACHVGGGTWTCTAAT        806rcbc63,AGGCTTACGTGT,AATGATACGGCGACCACCGAGATCTACACGCCTCCCTCGCGCCATCAGAGATGTG,369009,HC,Kylie
230,31996.0,0.0,210,383.0,CAAGCAGAAGACGGCATACGAGAT CGTTCCTTGTTA AGTCAGTCAG CC GGACTACHVGGGTWTCTAAT        806rcbc383,CGTTCCTTGTTA,AATGATACGGCGACCACCGAGATCTACACGCCTCCCTCGCGCCATCAGAGATGTG,369073,T2,Kylie
231,13120.0,0.0,211,384.0,CAAGCAGAAGACGGCATACGAGAT GGAATTATCGGT AGTCAGTCAG CC GGACTACHVGGGTWTCTAAT        806rcbc384,GGAATTATCGGT,AATGATACGGCGACCACCGAGATCTACACGCCTCCCTCGCGCCATCAGAGATGTG,369133,T2,Kylie
232,9680.0,0.0,212,385.0,CAAGCAGAAGACGGCATACGAGAT CATCAAGCATAG AGTCAGTCAG CC GGACTACHVGGGTWTCTAAT        806rcbc385,CATCAAGCATAG,AATGATACGGCGACCACCGAGATCTACACGCCTCCCTCGCGCCATCAGAGATGTG,712,T1,Kylie
233,8882.0,0.0,213,386.0,CAAGCAGAAGACGGCATACGAGAT CATCGCGTTGAC AGTCAGTCAG CC GGACTACHVGGGTWTCTAAT        806rcbc386,CATCGCGTTGAC,AATGATACGGCGACCACCGAGATCTACACGCCTCCCTCGCGCCATCAGAGATGTG,369107,T1,Kylie
234,3964.0,0.0,214,387.0,CAAGCAGAAGACGGCATACGAGAT GCACATAGTCGT AGTCAGTCAG CC GGACTACHVGGGTWTCTAAT        806rcbc387,GCACATAGTCGT,AATGATACGGCGACCACCGAGATCTACACGCCTCCCTCGCGCCATCAGAGATGTG,369043,T1,Kylie
235,14047.0,56.0,215,388.0,CAAGCAGAAGACGGCATACGAGAT GGCAAATACACT AGTCAGTCAG CC GGACTACHVGGGTWTCTAAT        806rcbc388,GGCAAATACACT,AATGATACGGCGACCACCGAGATCTACACGCCTCCCTCGCGCCATCAGAGATGTG,369040,T2,Kylie
236,6321.0,26.0,216,389.0,CAAGCAGAAGACGGCATACGAGAT GTCATGCTCCAG AGTCAGTCAG CC GGACTACHVGGGTWTCTAAT        806rcbc389,GTCATGCTCCAG,AATGATACGGCGACCACCGAGATCTACACGCCTCCCTCGCGCCATCAGAGATGTG,469022,T1,Kylie
237,26434.0,1121.0,217,390.0,CAAGCAGAAGACGGCATACGAGAT CCTAGTAAGCTG AGTCAGTCAG CC GGACTACHVGGGTWTCTAAT        806rcbc390,CCTAGTAAGCTG,AATGATACGGCGACCACCGAGATCTACACGCCTCCCTCGCGCCATCAGAGATGTG,369036,T1,Kylie
238,33729.0,0.0,218,391.0,CAAGCAGAAGACGGCATACGAGAT TTACCGACGAGT AGTCAGTCAG CC GGACTACHVGGGTWTCTAAT        806rcbc391,TTACCGACGAGT,AATGATACGGCGACCACCGAGATCTACACGCCTCCCTCGCGCCATCAGAGATGTG,369032,HC,Kylie
239,13012.0,0.0,219,392.0,CAAGCAGAAGACGGCATACGAGAT GCTTAGATGTAG AGTCAGTCAG CC GGACTACHVGGGTWTCTAAT        806rcbc392,GCTTAGATGTAG,AATGATACGGCGACCACCGAGATCTACACGCCTCCCTCGCGCCATCAGAGATGTG,469103,T2,Kylie
24,13648.0,0.0,4,65.0,CAAGCAGAAGACGGCATACGAGAT ACTTCCAACTTC AGTCAGTCAG CC GGACTACHVGGGTWTCTAAT        806rcbc65,ACTTCCAACTTC,AATGATACGGCGACCACCGAGATCTACACGCCTCCCTCGCGCCATCAGAGATGTG,369116,T2,Kylie
240,51197.0,0.0,220,393.0,CAAGCAGAAGACGGCATACGAGAT AAGACGTAGCGG AGTCAGTCAG CC GGACTACHVGGGTWTCTAAT        806rcbc393,AAGACGTAGCGG,AATGATACGGCGACCACCGAGATCTACACGCCTCCCTCGCGCCATCAGAGATGTG,369108,T2,Kylie
241,43783.0,0.0,221,394.0,CAAGCAGAAGACGGCATACGAGAT TTACCTTACACC AGTCAGTCAG CC GGACTACHVGGGTWTCTAAT        806rcbc394,TTACCTTACACC,AATGATACGGCGACCACCGAGATCTACACGCCTCCCTCGCGCCATCAGAGATGTG,369123,T1,Kylie
242,45380.0,0.0,222,395.0,CAAGCAGAAGACGGCATACGAGAT TGACTAATGGCC AGTCAGTCAG CC GGACTACHVGGGTWTCTAAT        806rcbc395,TGACTAATGGCC,AATGATACGGCGACCACCGAGATCTACACGCCTCCCTCGCGCCATCAGAGATGTG,469049,T1,Kylie
243,10068.0,0.0,223,396.0,CAAGCAGAAGACGGCATACGAGAT CTCTCTCACTTG AGTCAGTCAG CC GGACTACHVGGGTWTCTAAT        806rcbc396,CTCTCTCACTTG,AATGATACGGCGACCACCGAGATCTACACGCCTCCCTCGCGCCATCAGAGATGTG,369041,T1,Kylie
244,18064.0,0.0,224,397.0,CAAGCAGAAGACGGCATACGAGAT ATTGCAAGCAAC AGTCAGTCAG CC GGACTACHVGGGTWTCTAAT        806rcbc397,ATTGCAAGCAAC,AATGATACGGCGACCACCGAGATCTACACGCCTCCCTCGCGCCATCAGAGATGTG,369030,T1,Kylie
245,16498.0,9.0,225,398.0,CAAGCAGAAGACGGCATACGAGAT CACGTGACATGT AGTCAGTCAG CC GGACTACHVGGGTWTCTAAT        806rcbc398,CACGTGACATGT,AATGATACGGCGACCACCGAGATCTACACGCCTCCCTCGCGCCATCAGAGATGTG,469071,HC,Kylie
246,35484.0,0.0,226,399.0,CAAGCAGAAGACGGCATACGAGAT CACAGTTGAAGT AGTCAGTCAG CC GGACTACHVGGGTWTCTAAT        806rcbc399,CACAGTTGAAGT,AATGATACGGCGACCACCGAGATCTACACGCCTCCCTCGCGCCATCAGAGATGTG,369052,T1,Kylie
247,12825.0,0.0,227,400.0,CAAGCAGAAGACGGCATACGAGAT CTAGGATCACTG AGTCAGTCAG CC GGACTACHVGGGTWTCTAAT        806rcbc400,CTAGGATCACTG,AATGATACGGCGACCACCGAGATCTACACGCCTCCCTCGCGCCATCAGAGATGTG,369038,T1,Kylie
248,34567.0,0.0,228,1.0,CAAGCAGAAGACGGCATACGAGAT ACGAGACTGATT AGTCAGTCAG CC GGACTACHVGGGTWTCTAAT        806rcbc1,ACGAGACTGATT,AATGATACGGCGACCACCGAGATCTACACGCCTCCCTCGCGCCATCAGAGATGTG,469011,T2,Kylie
249,16393.0,110.0,229,3.0,CAAGCAGAAGACGGCATACGAGAT ATCACCAGGTGT AGTCAGTCAG CC GGACTACHVGGGTWTCTAAT        806rcbc3,ATCACCAGGTGT,AATGATACGGCGACCACCGAGATCTACACGCCTCCCTCGCGCCATCAGAGATGTG,369092,HC,Kylie
25,19750.0,251.0,5,68.0,CAAGCAGAAGACGGCATACGAGAT CCACAGATCGAT AGTCAGTCAG CC GGACTACHVGGGTWTCTAAT        806rcbc68,CCACAGATCGAT,AATGATACGGCGACCACCGAGATCTACACGCCTCCCTCGCGCCATCAGAGATGTG,369111,HC,Kylie
250,22054.0,0.0,230,4.0,CAAGCAGAAGACGGCATACGAGAT TGGTCAACGATA AGTCAGTCAG CC GGACTACHVGGGTWTCTAAT        806rcbc4,TGGTCAACGATA,AATGATACGGCGACCACCGAGATCTACACGCCTCCCTCGCGCCATCAGAGATGTG,469011,T1,Kylie
251,18807.0,0.0,231,5.0,CAAGCAGAAGACGGCATACGAGAT ATCGCACAGTAA AGTCAGTCAG CC GGACTACHVGGGTWTCTAAT        806rcbc5,ATCGCACAGTAA,AATGATACGGCGACCACCGAGATCTACACGCCTCCCTCGCGCCATCAGAGATGTG,469034,T2,Kylie
252,12264.0,7.0,232,6.0,CAAGCAGAAGACGGCATACGAGAT GTCGTGTAGCCT AGTCAGTCAG CC GGACTACHVGGGTWTCTAAT        806rcbc6,GTCGTGTAGCCT,AATGATACGGCGACCACCGAGATCTACACGCCTCCCTCGCGCCATCAGAGATGTG,469107,T1,Kylie
253,5287.0,0.0,233,9.0,CAAGCAGAAGACGGCATACGAGAT TACAGCGCATAC AGTCAGTCAG CC GGACTACHVGGGTWTCTAAT        806rcbc9,TACAGCGCATAC,AATGATACGGCGACCACCGAGATCTACACGCCTCCCTCGCGCCATCAGAGATGTG,369036,T2,Kylie
254,25292.0,0.0,234,11.0,CAAGCAGAAGACGGCATACGAGAT AATTGTGTCGGA AGTCAGTCAG CC GGACTACHVGGGTWTCTAAT        806rcbc11,AATTGTGTCGGA,AATGATACGGCGACCACCGAGATCTACACGCCTCCCTCGCGCCATCAGAGATGTG,705,T1,Kylie
255,18126.0,0.0,235,12.0,CAAGCAGAAGACGGCATACGAGAT TGCATACACTGG AGTCAGTCAG CC GGACTACHVGGGTWTCTAAT        806rcbc12,TGCATACACTGG,AATGATACGGCGACCACCGAGATCTACACGCCTCCCTCGCGCCATCAGAGATGTG,469027,T2,Kylie
256,25112.0,0.0,236,13.0,CAAGCAGAAGACGGCATACGAGAT AGTCGAACGAGG AGTCAGTCAG CC GGACTACHVGGGTWTCTAAT        806rcbc13,AGTCGAACGAGG,AATGATACGGCGACCACCGAGATCTACACGCCTCCCTCGCGCCATCAGAGATGTG,369056,HC,Kylie
257,5443.0,0.0,237,14.0,CAAGCAGAAGACGGCATACGAGAT ACCAGTGACTCA AGTCAGTCAG CC GGACTACHVGGGTWTCTAAT        806rcbc14,ACCAGTGACTCA,AATGATACGGCGACCACCGAGATCTACACGCCTCCCTCGCGCCATCAGAGATGTG,369109,T2,Kylie
258,24382.0,0.0,238,16.0,CAAGCAGAAGACGGCATACGAGAT GTAGATCGTGTA AGTCAGTCAG CC GGACTACHVGGGTWTCTAAT        806rcbc16,GTAGATCGTGTA,AATGATACGGCGACCACCGAGATCTACACGCCTCCCTCGCGCCATCAGAGATGTG,369077,T2,Kylie
259,44334.0,0.0,239,17.0,CAAGCAGAAGACGGCATACGAGAT TAACGTGTGTGC AGTCAGTCAG CC GGACTACHVGGGTWTCTAAT        806rcbc17,TAACGTGTGTGC,AATGATACGGCGACCACCGAGATCTACACGCCTCCCTCGCGCCATCAGAGATGTG,369071,HC,Kylie
26,22863.0,0.0,6,70.0,CAAGCAGAAGACGGCATACGAGAT GATTCCGGCTCA AGTCAGTCAG CC GGACTACHVGGGTWTCTAAT        806rcbc70,GATTCCGGCTCA,AATGATACGGCGACCACCGAGATCTACACGCCTCCCTCGCGCCATCAGAGATGTG,469033,T2,Kylie
260,22870.0,0.0,240,18.0,CAAGCAGAAGACGGCATACGAGAT CATTATGGCGTG AGTCAGTCAG CC GGACTACHVGGGTWTCTAAT        806rcbc18,CATTATGGCGTG,AATGATACGGCGACCACCGAGATCTACACGCCTCCCTCGCGCCATCAGAGATGTG,369077,T1,Kylie
261,12830.0,0.0,241,19.0,CAAGCAGAAGACGGCATACGAGAT CCAATACGCCTG AGTCAGTCAG CC GGACTACHVGGGTWTCTAAT        806rcbc19,CCAATACGCCTG,AATGATACGGCGACCACCGAGATCTACACGCCTCCCTCGCGCCATCAGAGATGTG,369013,HC,Kylie
262,17455.0,113.0,242,20.0,CAAGCAGAAGACGGCATACGAGAT GATCTGCGATCC AGTCAGTCAG CC GGACTACHVGGGTWTCTAAT        806rcbc20,GATCTGCGATCC,AATGATACGGCGACCACCGAGATCTACACGCCTCCCTCGCGCCATCAGAGATGTG,469053,HC,Kylie
263,8615.0,0.0,243,21.0,CAAGCAGAAGACGGCATACGAGAT CAGCTCATCAGC AGTCAGTCAG CC GGACTACHVGGGTWTCTAAT        806rcbc21,CAGCTCATCAGC,AATGATACGGCGACCACCGAGATCTACACGCCTCCCTCGCGCCATCAGAGATGTG,369127,HC,Kylie
264,22208.0,0.0,244,22.0,CAAGCAGAAGACGGCATACGAGAT CAAACAACAGCT AGTCAGTCAG CC GGACTACHVGGGTWTCTAAT        806rcbc22,CAAACAACAGCT,AATGATACGGCGACCACCGAGATCTACACGCCTCCCTCGCGCCATCAGAGATGTG,369076,T2,Kylie
265,14989.0,169.0,245,23.0,CAAGCAGAAGACGGCATACGAGAT GCAACACCATCC AGTCAGTCAG CC GGACTACHVGGGTWTCTAAT        806rcbc23,GCAACACCATCC,AATGATACGGCGACCACCGAGATCTACACGCCTCCCTCGCGCCATCAGAGATGTG,369125,HC,Kylie
266,20893.0,0.0,246,24.0,CAAGCAGAAGACGGCATACGAGAT GCGATATATCGC AGTCAGTCAG CC GGACTACHVGGGTWTCTAAT        806rcbc24,GCGATATATCGC,AATGATACGGCGACCACCGAGATCTACACGCCTCCCTCGCGCCATCAGAGATGTG,469044,T1,Kylie
267,21608.0,0.0,247,25.0,CAAGCAGAAGACGGCATACGAGAT CGAGCAATCCTA AGTCAGTCAG CC GGACTACHVGGGTWTCTAAT        806rcbc25,CGAGCAATCCTA,AATGATACGGCGACCACCGAGATCTACACGCCTCCCTCGCGCCATCAGAGATGTG,369066,HC,Kylie
268,4279.0,0.0,248,26.0,CAAGCAGAAGACGGCATACGAGAT AGTCGTGCACAT AGTCAGTCAG CC GGACTACHVGGGTWTCTAAT        806rcbc26,AGTCGTGCACAT,AATGATACGGCGACCACCGAGATCTACACGCCTCCCTCGCGCCATCAGAGATGTG,469050,T1,Kylie
269,21155.0,0.0,249,27.0,CAAGCAGAAGACGGCATACGAGAT GTATCTGCGCGT AGTCAGTCAG CC GGACTACHVGGGTWTCTAAT        806rcbc27,GTATCTGCGCGT,AATGATACGGCGACCACCGAGATCTACACGCCTCCCTCGCGCCATCAGAGATGTG,369002,HC,Kylie
27,22682.0,0.0,7,71.0,CAAGCAGAAGACGGCATACGAGAT CGTAATTGCCGC AGTCAGTCAG CC GGACTACHVGGGTWTCTAAT        806rcbc71,CGTAATTGCCGC,AATGATACGGCGACCACCGAGATCTACACGCCTCCCTCGCGCCATCAGAGATGTG,469020,T2,Kylie
270,16214.0,0.0,250,28.0,CAAGCAGAAGACGGCATACGAGAT CGAGGGAAAGTC AGTCAGTCAG CC GGACTACHVGGGTWTCTAAT        806rcbc28,CGAGGGAAAGTC,AATGATACGGCGACCACCGAGATCTACACGCCTCCCTCGCGCCATCAGAGATGTG,369103,HC,Kylie
271,3629.0,0.0,251,29.0,CAAGCAGAAGACGGCATACGAGAT CAAATTCGGGAT AGTCAGTCAG CC GGACTACHVGGGTWTCTAAT        806rcbc29,CAAATTCGGGAT,AATGATACGGCGACCACCGAGATCTACACGCCTCCCTCGCGCCATCAGAGATGTG,469024,T1,Kylie
272,7905.0,0.0,252,30.0,CAAGCAGAAGACGGCATACGAGAT AGATTGACCAAC AGTCAGTCAG CC GGACTACHVGGGTWTCTAAT        806rcbc30,AGATTGACCAAC,AATGATACGGCGACCACCGAGATCTACACGCCTCCCTCGCGCCATCAGAGATGTG,469034,T1,Kylie
273,9940.0,0.0,253,31.0,CAAGCAGAAGACGGCATACGAGAT AGTTACGAGCTA AGTCAGTCAG CC GGACTACHVGGGTWTCTAAT        806rcbc31,AGTTACGAGCTA,AATGATACGGCGACCACCGAGATCTACACGCCTCCCTCGCGCCATCAGAGATGTG,469019,T2,Kylie
274,21132.0,0.0,254,32.0,CAAGCAGAAGACGGCATACGAGAT GCATATGCACTG AGTCAGTCAG CC GGACTACHVGGGTWTCTAAT        806rcbc32,GCATATGCACTG,AATGATACGGCGACCACCGAGATCTACACGCCTCCCTCGCGCCATCAGAGATGTG,369049,HC,Kylie
275,11725.0,0.0,255,33.0,CAAGCAGAAGACGGCATACGAGAT CAACTCCCGTGA AGTCAGTCAG CC GGACTACHVGGGTWTCTAAT        806rcbc33,CAACTCCCGTGA,AATGATACGGCGACCACCGAGATCTACACGCCTCCCTCGCGCCATCAGAGATGTG,469016,T2,Kylie
276,17903.0,0.0,256,34.0,CAAGCAGAAGACGGCATACGAGAT TTGCGTTAGCAG AGTCAGTCAG CC GGACTACHVGGGTWTCTAAT        806rcbc34,TTGCGTTAGCAG,AATGATACGGCGACCACCGAGATCTACACGCCTCCCTCGCGCCATCAGAGATGTG,369093,HC,Kylie
277,18404.0,2.0,257,35.0,CAAGCAGAAGACGGCATACGAGAT TACGAGCCCTAA AGTCAGTCAG CC GGACTACHVGGGTWTCTAAT        806rcbc35,TACGAGCCCTAA,AATGATACGGCGACCACCGAGATCTACACGCCTCCCTCGCGCCATCAGAGATGTG,369030,T2,Kylie
278,20049.0,0.0,258,36.0,CAAGCAGAAGACGGCATACGAGAT CACTACGCTAGA AGTCAGTCAG CC GGACTACHVGGGTWTCTAAT        806rcbc36,CACTACGCTAGA,AATGATACGGCGACCACCGAGATCTACACGCCTCCCTCGCGCCATCAGAGATGTG,721,T2,Kylie
279,24742.0,0.0,259,37.0,CAAGCAGAAGACGGCATACGAGAT TGCAGTCCTCGA AGTCAGTCAG CC GGACTACHVGGGTWTCTAAT        806rcbc37,TGCAGTCCTCGA,AATGATACGGCGACCACCGAGATCTACACGCCTCCCTCGCGCCATCAGAGATGTG,369074,T1,Kylie
28,31033.0,0.0,8,74.0,CAAGCAGAAGACGGCATACGAGAT TAGGCATGCTTG AGTCAGTCAG CC GGACTACHVGGGTWTCTAAT        806rcbc74,TAGGCATGCTTG,AATGATACGGCGACCACCGAGATCTACACGCCTCCCTCGCGCCATCAGAGATGTG,369098,HC,Kylie
280,14745.0,30.0,260,38.0,CAAGCAGAAGACGGCATACGAGAT ACCATAGCTCCG AGTCAGTCAG CC GGACTACHVGGGTWTCTAAT        806rcbc38,ACCATAGCTCCG,AATGATACGGCGACCACCGAGATCTACACGCCTCCCTCGCGCCATCAGAGATGTG,369132,HC,Kylie
281,26301.0,0.0,261,39.0,CAAGCAGAAGACGGCATACGAGAT TCGACATCTCTT AGTCAGTCAG CC GGACTACHVGGGTWTCTAAT        806rcbc39,TCGACATCTCTT,AATGATACGGCGACCACCGAGATCTACACGCCTCCCTCGCGCCATCAGAGATGTG,369091,T2,Kylie
282,5820.0,0.0,262,40.0,CAAGCAGAAGACGGCATACGAGAT GAACACTTTGGA AGTCAGTCAG CC GGACTACHVGGGTWTCTAAT        806rcbc40,GAACACTTTGGA,AATGATACGGCGACCACCGAGATCTACACGCCTCCCTCGCGCCATCAGAGATGTG,469031,T2,Kylie
283,16523.0,218.0,263,41.0,CAAGCAGAAGACGGCATACGAGAT GAGCCATCTGTA AGTCAGTCAG CC GGACTACHVGGGTWTCTAAT        806rcbc41,GAGCCATCTGTA,AATGATACGGCGACCACCGAGATCTACACGCCTCCCTCGCGCCATCAGAGATGTG,369087,T1,Kylie
284,1664.0,3.0,264,42.0,CAAGCAGAAGACGGCATACGAGAT TTGGGTACACGT AGTCAGTCAG CC GGACTACHVGGGTWTCTAAT        806rcbc42,TTGGGTACACGT,AATGATACGGCGACCACCGAGATCTACACGCCTCCCTCGCGCCATCAGAGATGTG,469041,T1,Kylie
285,6213.0,0.0,265,43.0,CAAGCAGAAGACGGCATACGAGAT AAGGCGCTCCTT AGTCAGTCAG CC GGACTACHVGGGTWTCTAAT        806rcbc43,AAGGCGCTCCTT,AATGATACGGCGACCACCGAGATCTACACGCCTCCCTCGCGCCATCAGAGATGTG,369129,HC,Kylie
286,16002.0,0.0,266,45.0,CAAGCAGAAGACGGCATACGAGAT TCGGAATTAGAC AGTCAGTCAG CC GGACTACHVGGGTWTCTAAT        806rcbc45,TCGGAATTAGAC,AATGATACGGCGACCACCGAGATCTACACGCCTCCCTCGCGCCATCAGAGATGTG,469008,T1,Kylie
287,16045.0,3.0,267,47.0,CAAGCAGAAGACGGCATACGAGAT CATTCGTGGCGT AGTCAGTCAG CC GGACTACHVGGGTWTCTAAT        806rcbc47,CATTCGTGGCGT,AATGATACGGCGACCACCGAGATCTACACGCCTCCCTCGCGCCATCAGAGATGTG,711,T2,Kylie
288,19788.0,3.0,268,50.0,CAAGCAGAAGACGGCATACGAGAT GATGTTCGCTAG AGTCAGTCAG CC GGACTACHVGGGTWTCTAAT        806rcbc50,GATGTTCGCTAG,AATGATACGGCGACCACCGAGATCTACACGCCTCCCTCGCGCCATCAGAGATGTG,369119,T1,Kylie
289,9286.0,0.0,269,51.0,CAAGCAGAAGACGGCATACGAGAT CTATCTCCTGTC AGTCAGTCAG CC GGACTACHVGGGTWTCTAAT        806rcbc51,CTATCTCCTGTC,AATGATACGGCGACCACCGAGATCTACACGCCTCCCTCGCGCCATCAGAGATGTG,369126,HC,Kylie
29,18664.0,394.0,9,75.0,CAAGCAGAAGACGGCATACGAGAT AACTAGTTCAGG AGTCAGTCAG CC GGACTACHVGGGTWTCTAAT        806rcbc75,AACTAGTTCAGG,AATGATACGGCGACCACCGAGATCTACACGCCTCCCTCGCGCCATCAGAGATGTG,369054,HC,Kylie
290,15931.0,0.0,270,52.0,CAAGCAGAAGACGGCATACGAGAT ACTCACAGGAAT AGTCAGTCAG CC GGACTACHVGGGTWTCTAAT        806rcbc52,ACTCACAGGAAT,AATGATACGGCGACCACCGAGATCTACACGCCTCCCTCGCGCCATCAGAGATGTG,369085,T1,Kylie
291,18298.0,0.0,271,54.0,CAAGCAGAAGACGGCATACGAGAT GTCGACAGAGGA AGTCAGTCAG CC GGACTACHVGGGTWTCTAAT        806rcbc54,GTCGACAGAGGA,AATGATACGGCGACCACCGAGATCTACACGCCTCCCTCGCGCCATCAGAGATGTG,713,T1,Kylie
292,13677.0,0.0,272,55.0,CAAGCAGAAGACGGCATACGAGAT TGTCGCAAATAG AGTCAGTCAG CC GGACTACHVGGGTWTCTAAT        806rcbc55,TGTCGCAAATAG,AATGATACGGCGACCACCGAGATCTACACGCCTCCCTCGCGCCATCAGAGATGTG,369115,HC,Kylie
293,16553.0,0.0,273,57.0,CAAGCAGAAGACGGCATACGAGAT TATACCGCTGCG AGTCAGTCAG CC GGACTACHVGGGTWTCTAAT        806rcbc57,TATACCGCTGCG,AATGATACGGCGACCACCGAGATCTACACGCCTCCCTCGCGCCATCAGAGATGTG,469039,T2,Kylie
294,20478.0,11.0,274,58.0,CAAGCAGAAGACGGCATACGAGAT AGTTGAGGCATT AGTCAGTCAG CC GGACTACHVGGGTWTCTAAT        806rcbc58,AGTTGAGGCATT,AATGATACGGCGACCACCGAGATCTACACGCCTCCCTCGCGCCATCAGAGATGTG,469022,T2,Kylie
295,22502.0,6.0,275,59.0,CAAGCAGAAGACGGCATACGAGAT ACAATAGACACC AGTCAGTCAG CC GGACTACHVGGGTWTCTAAT        806rcbc59,ACAATAGACACC,AATGATACGGCGACCACCGAGATCTACACGCCTCCCTCGCGCCATCAGAGATGTG,369076,T1,Kylie
296,19087.0,0.0,276,78.0,CAAGCAGAAGACGGCATACGAGAT GTACGATATGAC AGTCAGTCAG CC GGACTACHVGGGTWTCTAAT        806rcbc78,GTACGATATGAC,AATGATACGGCGACCACCGAGATCTACACGCCTCCCTCGCGCCATCAGAGATGTG,469073,HC,Kylie
297,18274.0,0.0,277,79.0,CAAGCAGAAGACGGCATACGAGAT GTGGTGGTTTCC AGTCAGTCAG CC GGACTACHVGGGTWTCTAAT        806rcbc79,GTGGTGGTTTCC,AATGATACGGCGACCACCGAGATCTACACGCCTCCCTCGCGCCATCAGAGATGTG,369113,HC,Kylie
298,17041.0,0.0,278,80.0,CAAGCAGAAGACGGCATACGAGAT TAGTATGCGCAA AGTCAGTCAG CC GGACTACHVGGGTWTCTAAT        806rcbc80,TAGTATGCGCAA,AATGATACGGCGACCACCGAGATCTACACGCCTCCCTCGCGCCATCAGAGATGTG,369033,HC,Kylie
299,17014.0,0.0,279,81.0,CAAGCAGAAGACGGCATACGAGAT TGCGCTGAATGT AGTCAGTCAG CC GGACTACHVGGGTWTCTAAT        806rcbc81,TGCGCTGAATGT,AATGATACGGCGACCACCGAGATCTACACGCCTCCCTCGCGCCATCAGAGATGTG,469112,T2,Kylie
30,17334.0,82.0,10,76.0,CAAGCAGAAGACGGCATACGAGAT ATTCTGCCGAAG AGTCAGTCAG CC GGACTACHVGGGTWTCTAAT        806rcbc76,ATTCTGCCGAAG,AATGATACGGCGACCACCGAGATCTACACGCCTCCCTCGCGCCATCAGAGATGTG,369081,T1,Kylie
300,22685.0,0.0,280,82.0,CAAGCAGAAGACGGCATACGAGAT ATGGCTGTCAGT AGTCAGTCAG CC GGACTACHVGGGTWTCTAAT        806rcbc82,ATGGCTGTCAGT,AATGATACGGCGACCACCGAGATCTACACGCCTCCCTCGCGCCATCAGAGATGTG,469056,HC,Kylie
301,19712.0,0.0,281,83.0,CAAGCAGAAGACGGCATACGAGAT GTTCTCTTCTCG AGTCAGTCAG CC GGACTACHVGGGTWTCTAAT        806rcbc83,GTTCTCTTCTCG,AATGATACGGCGACCACCGAGATCTACACGCCTCCCTCGCGCCATCAGAGATGTG,369012,HC,Kylie
302,23802.0,0.0,282,84.0,CAAGCAGAAGACGGCATACGAGAT CGTAAGATGCCT AGTCAGTCAG CC GGACTACHVGGGTWTCTAAT        806rcbc84,CGTAAGATGCCT,AATGATACGGCGACCACCGAGATCTACACGCCTCCCTCGCGCCATCAGAGATGTG,369010,HC,Kylie
303,8125.0,0.0,283,85.0,CAAGCAGAAGACGGCATACGAGAT GCGTTCTAGCTG AGTCAGTCAG CC GGACTACHVGGGTWTCTAAT        806rcbc85,GCGTTCTAGCTG,AATGATACGGCGACCACCGAGATCTACACGCCTCCCTCGCGCCATCAGAGATGTG,719,T1,Kylie
304,4507.0,0.0,284,87.0,CAAGCAGAAGACGGCATACGAGAT GGACTTCCAGCT AGTCAGTCAG CC GGACTACHVGGGTWTCTAAT        806rcbc87,GGACTTCCAGCT,AATGATACGGCGACCACCGAGATCTACACGCCTCCCTCGCGCCATCAGAGATGTG,469080,HC,Kylie
305,17148.0,10.0,285,88.0,CAAGCAGAAGACGGCATACGAGAT CTCACAACCGTG AGTCAGTCAG CC GGACTACHVGGGTWTCTAAT        806rcbc88,CTCACAACCGTG,AATGATACGGCGACCACCGAGATCTACACGCCTCCCTCGCGCCATCAGAGATGTG,369001,HC,Kylie
306,17118.0,0.0,286,91.0,CAAGCAGAAGACGGCATACGAGAT TGTAACGCCGAT AGTCAGTCAG CC GGACTACHVGGGTWTCTAAT        806rcbc91,TGTAACGCCGAT,AATGATACGGCGACCACCGAGATCTACACGCCTCCCTCGCGCCATCAGAGATGTG,369048,T2,Kylie
307,15404.0,0.0,287,92.0,CAAGCAGAAGACGGCATACGAGAT AGCAGAACATCT AGTCAGTCAG CC GGACTACHVGGGTWTCTAAT        806rcbc92,AGCAGAACATCT,AATGATACGGCGACCACCGAGATCTACACGCCTCCCTCGCGCCATCAGAGATGTG,469103,T1,Kylie
308,19237.0,133.0,288,93.0,CAAGCAGAAGACGGCATACGAGAT TGGAGTAGGTGG AGTCAGTCAG CC GGACTACHVGGGTWTCTAAT        806rcbc93,TGGAGTAGGTGG,AATGATACGGCGACCACCGAGATCTACACGCCTCCCTCGCGCCATCAGAGATGTG,469074,HC,Kylie
31,21168.0,0.0,11,77.0,CAAGCAGAAGACGGCATACGAGAT AGCATGTCCCGT AGTCAGTCAG CC GGACTACHVGGGTWTCTAAT        806rcbc77,AGCATGTCCCGT,AATGATACGGCGACCACCGAGATCTACACGCCTCCCTCGCGCCATCAGAGATGTG,722,T1,Kylie
310,7310.0,0.0,290,95.0,CAAGCAGAAGACGGCATACGAGAT GATCCCACGTAC AGTCAGTCAG CC GGACTACHVGGGTWTCTAAT        806rcbc95,GATCCCACGTAC,AATGATACGGCGACCACCGAGATCTACACGCCTCCCTCGCGCCATCAGAGATGTG,369008,HC,Kylie
311,18955.0,219.0,291,155.0,CAAGCAGAAGACGGCATACGAGAT TCAGTTCTCGTT AGTCAGTCAG CC GGACTACHVGGGTWTCTAAT        806rcbc155,TCAGTTCTCGTT,AATGATACGGCGACCACCGAGATCTACACGCCTCCCTCGCGCCATCAGAGATGTG,369079,HC,Kylie
312,26028.0,0.0,292,156.0,CAAGCAGAAGACGGCATACGAGAT TCGTGCGTGTTG AGTCAGTCAG CC GGACTACHVGGGTWTCTAAT        806rcbc156,TCGTGCGTGTTG,AATGATACGGCGACCACCGAGATCTACACGCCTCCCTCGCGCCATCAGAGATGTG,369119,T2,Kylie
313,22075.0,396.0,293,157.0,CAAGCAGAAGACGGCATACGAGAT GTTATCGCATGG AGTCAGTCAG CC GGACTACHVGGGTWTCTAAT        806rcbc157,GTTATCGCATGG,AATGATACGGCGACCACCGAGATCTACACGCCTCCCTCGCGCCATCAGAGATGTG,469104,T1,Kylie
314,20608.0,0.0,294,158.0,CAAGCAGAAGACGGCATACGAGAT GATCACGAGAGG AGTCAGTCAG CC GGACTACHVGGGTWTCTAAT        806rcbc158,GATCACGAGAGG,AATGATACGGCGACCACCGAGATCTACACGCCTCCCTCGCGCCATCAGAGATGTG,369091,T1,Kylie
316,2706.0,0.0,F1,96.0,CAAGCAGAAGACGGCATACGAGAT TACCGCTTCTTC AGTCAGTCAG CC GGACTACHVGGGTWTCTAAT        806rcbc96,TACCGCTTCTTC,AATGATACGGCGACCACCGAGATCTACACGCCTCCCTCGCGCCATCAGAGATGTG,769051,HC,Kylie
317,23650.0,0.0,F10,106.0,CAAGCAGAAGACGGCATACGAGAT TCTTGGAGGTCA AGTCAGTCAG CC GGACTACHVGGGTWTCTAAT        806rcbc106,TCTTGGAGGTCA,AATGATACGGCGACCACCGAGATCTACACGCCTCCCTCGCGCCATCAGAGATGTG,769062,HC,Kylie
318,21954.0,0.0,F11,107.0,CAAGCAGAAGACGGCATACGAGAT TCACCTCCTTGT AGTCAGTCAG CC GGACTACHVGGGTWTCTAAT        806rcbc107,TCACCTCCTTGT,AATGATACGGCGACCACCGAGATCTACACGCCTCCCTCGCGCCATCAGAGATGTG,769063,HC,Kylie
319,22306.0,0.0,F12,108.0,CAAGCAGAAGACGGCATACGAGAT GCACACCTGATA AGTCAGTCAG CC GGACTACHVGGGTWTCTAAT        806rcbc108,GCACACCTGATA,AATGATACGGCGACCACCGAGATCTACACGCCTCCCTCGCGCCATCAGAGATGTG,769064,HC,Kylie
320,21727.0,1175.0,F13,111.0,CAAGCAGAAGACGGCATACGAGAT AGCTGTCAAGCT AGTCAGTCAG CC GGACTACHVGGGTWTCTAAT        806rcbc111,AGCTGTCAAGCT,AATGATACGGCGACCACCGAGATCTACACGCCTCCCTCGCGCCATCAGAGATGTG,769065,HC,Kylie
321,25613.0,0.0,F14,112.0,CAAGCAGAAGACGGCATACGAGAT GAGAGCAACAGA AGTCAGTCAG CC GGACTACHVGGGTWTCTAAT        806rcbc112,GAGAGCAACAGA,AATGATACGGCGACCACCGAGATCTACACGCCTCCCTCGCGCCATCAGAGATGTG,769066,HC,Kylie
322,19396.0,0.0,F15,113.0,CAAGCAGAAGACGGCATACGAGAT TACTCGGGAACT AGTCAGTCAG CC GGACTACHVGGGTWTCTAAT        806rcbc113,TACTCGGGAACT,AATGATACGGCGACCACCGAGATCTACACGCCTCCCTCGCGCCATCAGAGATGTG,769067,HC,Kylie
323,17871.0,175.0,F16,114.0,CAAGCAGAAGACGGCATACGAGAT CGTGCTTAGGCT AGTCAGTCAG CC GGACTACHVGGGTWTCTAAT        806rcbc114,CGTGCTTAGGCT,AATGATACGGCGACCACCGAGATCTACACGCCTCCCTCGCGCCATCAGAGATGTG,769068,HC,Kylie
324,21853.0,0.0,F17,115.0,CAAGCAGAAGACGGCATACGAGAT TACCGAAGGTAT AGTCAGTCAG CC GGACTACHVGGGTWTCTAAT        806rcbc115,TACCGAAGGTAT,AATGATACGGCGACCACCGAGATCTACACGCCTCCCTCGCGCCATCAGAGATGTG,769069,HC,Kylie
325,18820.0,376.0,F18,116.0,CAAGCAGAAGACGGCATACGAGAT CACTCATCATTC AGTCAGTCAG CC GGACTACHVGGGTWTCTAAT        806rcbc116,CACTCATCATTC,AATGATACGGCGACCACCGAGATCTACACGCCTCCCTCGCGCCATCAGAGATGTG,769070,HC,Kylie
326,27899.0,0.0,F19,117.0,CAAGCAGAAGACGGCATACGAGAT GTATTTCGGACG AGTCAGTCAG CC GGACTACHVGGGTWTCTAAT        806rcbc117,GTATTTCGGACG,AATGATACGGCGACCACCGAGATCTACACGCCTCCCTCGCGCCATCAGAGATGTG,769071,HC,Kylie
327,30349.0,0.0,F2,97.0,CAAGCAGAAGACGGCATACGAGAT TGTGCGATAACA AGTCAGTCAG CC GGACTACHVGGGTWTCTAAT        806rcbc97,TGTGCGATAACA,AATGATACGGCGACCACCGAGATCTACACGCCTCCCTCGCGCCATCAGAGATGTG,769052,HC,Kylie
328,24640.0,0.0,F20,118.0,CAAGCAGAAGACGGCATACGAGAT TATCTATCCTGC AGTCAGTCAG CC GGACTACHVGGGTWTCTAAT        806rcbc118,TATCTATCCTGC,AATGATACGGCGACCACCGAGATCTACACGCCTCCCTCGCGCCATCAGAGATGTG,769072,HC,Kylie
329,24997.0,0.0,F21,154.0,CAAGCAGAAGACGGCATACGAGAT CGTACTCTCGAG AGTCAGTCAG CC GGACTACHVGGGTWTCTAAT        806rcbc154,CGTACTCTCGAG,AATGATACGGCGACCACCGAGATCTACACGCCTCCCTCGCGCCATCAGAGATGTG,769074,HC,Kylie
330,18052.0,0.0,F22,120.0,CAAGCAGAAGACGGCATACGAGAT AGTAGCGGAAGA AGTCAGTCAG CC GGACTACHVGGGTWTCTAAT        806rcbc120,AGTAGCGGAAGA,AATGATACGGCGACCACCGAGATCTACACGCCTCCCTCGCGCCATCAGAGATGTG,769075,HC,Kylie
331,27553.0,0.0,F23,121.0,CAAGCAGAAGACGGCATACGAGAT GCAATTAGGTAC AGTCAGTCAG CC GGACTACHVGGGTWTCTAAT        806rcbc121,GCAATTAGGTAC,AATGATACGGCGACCACCGAGATCTACACGCCTCCCTCGCGCCATCAGAGATGTG,769075,HC,Kylie
332,31480.0,0.0,F24,122.0,CAAGCAGAAGACGGCATACGAGAT CATACCGTGAGT AGTCAGTCAG CC GGACTACHVGGGTWTCTAAT        806rcbc122,CATACCGTGAGT,AATGATACGGCGACCACCGAGATCTACACGCCTCCCTCGCGCCATCAGAGATGTG,769079,HC,Kylie
333,21149.0,0.0,F25,124.0,CAAGCAGAAGACGGCATACGAGAT CCTGCGAAGTAT AGTCAGTCAG CC GGACTACHVGGGTWTCTAAT        806rcbc124,CCTGCGAAGTAT,AATGATACGGCGACCACCGAGATCTACACGCCTCCCTCGCGCCATCAGAGATGTG,769080,HC,Kylie
334,29654.0,2.0,F26,125.0,CAAGCAGAAGACGGCATACGAGAT TTCTCTCGACAT AGTCAGTCAG CC GGACTACHVGGGTWTCTAAT        806rcbc125,TTCTCTCGACAT,AATGATACGGCGACCACCGAGATCTACACGCCTCCCTCGCGCCATCAGAGATGTG,769001,T1,Kylie
335,21364.0,0.0,F27,126.0,CAAGCAGAAGACGGCATACGAGAT GCTCTCCGTAGA AGTCAGTCAG CC GGACTACHVGGGTWTCTAAT        806rcbc126,GCTCTCCGTAGA,AATGATACGGCGACCACCGAGATCTACACGCCTCCCTCGCGCCATCAGAGATGTG,769002,T1,Kylie
337,15193.0,0.0,F29,128.0,CAAGCAGAAGACGGCATACGAGAT ATGCCATGCCGT AGTCAGTCAG CC GGACTACHVGGGTWTCTAAT        806rcbc128,ATGCCATGCCGT,AATGATACGGCGACCACCGAGATCTACACGCCTCCCTCGCGCCATCAGAGATGTG,769005,T1,Kylie
338,15248.0,0.0,F3,98.0,CAAGCAGAAGACGGCATACGAGAT GATTATCGACGA AGTCAGTCAG CC GGACTACHVGGGTWTCTAAT        806rcbc98,GATTATCGACGA,AATGATACGGCGACCACCGAGATCTACACGCCTCCCTCGCGCCATCAGAGATGTG,769053,HC,Kylie
339,18167.0,367.0,F30,129.0,CAAGCAGAAGACGGCATACGAGAT GACATTGTCACG AGTCAGTCAG CC GGACTACHVGGGTWTCTAAT        806rcbc129,GACATTGTCACG,AATGATACGGCGACCACCGAGATCTACACGCCTCCCTCGCGCCATCAGAGATGTG,769006,T1,Kylie
340,27368.0,352.0,F31,130.0,CAAGCAGAAGACGGCATACGAGAT GCCAACAACCAT AGTCAGTCAG CC GGACTACHVGGGTWTCTAAT        806rcbc130,GCCAACAACCAT,AATGATACGGCGACCACCGAGATCTACACGCCTCCCTCGCGCCATCAGAGATGTG,769007,T1,Kylie
341,16504.0,0.0,F32,132.0,CAAGCAGAAGACGGCATACGAGAT TCCTCGAGCGAT AGTCAGTCAG CC GGACTACHVGGGTWTCTAAT        806rcbc132,TCCTCGAGCGAT,AATGATACGGCGACCACCGAGATCTACACGCCTCCCTCGCGCCATCAGAGATGTG,769009,T1,Kylie
342,27287.0,0.0,F33,133.0,CAAGCAGAAGACGGCATACGAGAT ACCCAAGCGTTA AGTCAGTCAG CC GGACTACHVGGGTWTCTAAT        806rcbc133,ACCCAAGCGTTA,AATGATACGGCGACCACCGAGATCTACACGCCTCCCTCGCGCCATCAGAGATGTG,769013,T1,Kylie
343,25559.0,0.0,F34,134.0,CAAGCAGAAGACGGCATACGAGAT TGCAGCAAGATT AGTCAGTCAG CC GGACTACHVGGGTWTCTAAT        806rcbc134,TGCAGCAAGATT,AATGATACGGCGACCACCGAGATCTACACGCCTCCCTCGCGCCATCAGAGATGTG,769015,T1,Kylie
344,14171.0,0.0,F35,135.0,CAAGCAGAAGACGGCATACGAGAT AGCAACATTGCA AGTCAGTCAG CC GGACTACHVGGGTWTCTAAT        806rcbc135,AGCAACATTGCA,AATGATACGGCGACCACCGAGATCTACACGCCTCCCTCGCGCCATCAGAGATGTG,769017,T1,Kylie
345,25488.0,0.0,F36,136.0,CAAGCAGAAGACGGCATACGAGAT GATGTGGTGTTA AGTCAGTCAG CC GGACTACHVGGGTWTCTAAT        806rcbc136,GATGTGGTGTTA,AATGATACGGCGACCACCGAGATCTACACGCCTCCCTCGCGCCATCAGAGATGTG,769018,T1,Kylie
346,35802.0,0.0,F37,137.0,CAAGCAGAAGACGGCATACGAGAT CAGAAATGTGTC AGTCAGTCAG CC GGACTACHVGGGTWTCTAAT        806rcbc137,CAGAAATGTGTC,AATGATACGGCGACCACCGAGATCTACACGCCTCCCTCGCGCCATCAGAGATGTG,769020,T1,Kylie
347,25131.0,0.0,F38,138.0,CAAGCAGAAGACGGCATACGAGAT GTAGAGGTAGAG AGTCAGTCAG CC GGACTACHVGGGTWTCTAAT        806rcbc138,GTAGAGGTAGAG,AATGATACGGCGACCACCGAGATCTACACGCCTCCCTCGCGCCATCAGAGATGTG,769001,T2,Kylie
348,24907.0,0.0,F39,139.0,CAAGCAGAAGACGGCATACGAGAT CGTGATCCGCTA AGTCAGTCAG CC GGACTACHVGGGTWTCTAAT        806rcbc139,CGTGATCCGCTA,AATGATACGGCGACCACCGAGATCTACACGCCTCCCTCGCGCCATCAGAGATGTG,769002,T2,Kylie
349,17996.0,0.0,F4,99.0,CAAGCAGAAGACGGCATACGAGAT GCCTAGCCCAAT AGTCAGTCAG CC GGACTACHVGGGTWTCTAAT        806rcbc99,GCCTAGCCCAAT,AATGATACGGCGACCACCGAGATCTACACGCCTCCCTCGCGCCATCAGAGATGTG,769055,T1,Kylie
350,25073.0,0.0,F40,140.0,CAAGCAGAAGACGGCATACGAGAT GGTTATTTGGCG AGTCAGTCAG CC GGACTACHVGGGTWTCTAAT        806rcbc140,GGTTATTTGGCG,AATGATACGGCGACCACCGAGATCTACACGCCTCCCTCGCGCCATCAGAGATGTG,769004,T2,Kylie
351,24860.0,0.0,F41,141.0,CAAGCAGAAGACGGCATACGAGAT GGATCGTAATAC AGTCAGTCAG CC GGACTACHVGGGTWTCTAAT        806rcbc141,GGATCGTAATAC,AATGATACGGCGACCACCGAGATCTACACGCCTCCCTCGCGCCATCAGAGATGTG,769005,T2,Kylie
352,23824.0,1820.0,F42,142.0,CAAGCAGAAGACGGCATACGAGAT GCATAGCATCAA AGTCAGTCAG CC GGACTACHVGGGTWTCTAAT        806rcbc142,GCATAGCATCAA,AATGATACGGCGACCACCGAGATCTACACGCCTCCCTCGCGCCATCAGAGATGTG,769006,T2,Kylie
353,16737.0,1219.0,F43,143.0,CAAGCAGAAGACGGCATACGAGAT GTGTTAGATGTG AGTCAGTCAG CC GGACTACHVGGGTWTCTAAT        806rcbc143,GTGTTAGATGTG,AATGATACGGCGACCACCGAGATCTACACGCCTCCCTCGCGCCATCAGAGATGTG,769007,T2,Kylie
354,16090.0,0.0,F44,144.0,CAAGCAGAAGACGGCATACGAGAT TTAGAGCCATGC AGTCAGTCAG CC GGACTACHVGGGTWTCTAAT        806rcbc144,TTAGAGCCATGC,AATGATACGGCGACCACCGAGATCTACACGCCTCCCTCGCGCCATCAGAGATGTG,769015,T2,Kylie
355,14426.0,0.0,F45,145.0,CAAGCAGAAGACGGCATACGAGAT TGAACCCTATGG AGTCAGTCAG CC GGACTACHVGGGTWTCTAAT        806rcbc145,TGAACCCTATGG,AATGATACGGCGACCACCGAGATCTACACGCCTCCCTCGCGCCATCAGAGATGTG,769017,T2,Kylie
356,10787.0,179.0,F46,90.0,CAAGCAGAAGACGGCATACGAGAT ATGTCACCGCTG AGTCAGTCAG CC GGACTACHVGGGTWTCTAAT        806rcbc90,ATGTCACCGCTG,AATGATACGGCGACCACCGAGATCTACACGCCTCCCTCGCGCCATCAGAGATGTG,769018,T2,Kylie
357,31567.0,0.0,F5,361.0,CAAGCAGAAGACGGCATACGAGAT TCGATTGGCCGT AGTCAGTCAG CC GGACTACHVGGGTWTCTAAT        806rcbc361,TCGATTGGCCGT,AATGATACGGCGACCACCGAGATCTACACGCCTCCCTCGCGCCATCAGAGATGTG,769056,HC,Kylie
358,33102.0,0.0,F6,102.0,CAAGCAGAAGACGGCATACGAGAT GTCACGGACATT AGTCAGTCAG CC GGACTACHVGGGTWTCTAAT        806rcbc102,GTCACGGACATT,AATGATACGGCGACCACCGAGATCTACACGCCTCCCTCGCGCCATCAGAGATGTG,769057,HC,Kylie
359,30255.0,151.0,F7,103.0,CAAGCAGAAGACGGCATACGAGAT GCGAGCGAAGTA AGTCAGTCAG CC GGACTACHVGGGTWTCTAAT        806rcbc103,GCGAGCGAAGTA,AATGATACGGCGACCACCGAGATCTACACGCCTCCCTCGCGCCATCAGAGATGTG,769058,HC,Kylie
360,46225.0,0.0,F8,104.0,CAAGCAGAAGACGGCATACGAGAT ATCTACCGAAGC AGTCAGTCAG CC GGACTACHVGGGTWTCTAAT        806rcbc104,ATCTACCGAAGC,AATGATACGGCGACCACCGAGATCTACACGCCTCCCTCGCGCCATCAGAGATGTG,769059,HC,Kylie
361,29427.0,0.0,F9,105.0,CAAGCAGAAGACGGCATACGAGAT ACTTGGTGTAAG AGTCAGTCAG CC GGACTACHVGGGTWTCTAAT        806rcbc105,ACTTGGTGTAAG,AATGATACGGCGACCACCGAGATCTACACGCCTCCCTCGCGCCATCAGAGATGTG,769060,HC,Kylie
37,10086.0,0.0,17,167.0,CAAGCAGAAGACGGCATACGAGAT CGCTACAACTCG AGTCAGTCAG CC GGACTACHVGGGTWTCTAAT        806rcbc167,CGCTACAACTCG,AATGATACGGCGACCACCGAGATCTACACGCCTCCCTCGCGCCATCAGAGATGTG,469066,HC,Kylie
38,18472.0,0.0,18,146.0,CAAGCAGAAGACGGCATACGAGAT AGAGTCTTGCCA AGTCAGTCAG CC GGACTACHVGGGTWTCTAAT        806rcbc146,AGAGTCTTGCCA,AATGATACGGCGACCACCGAGATCTACACGCCTCCCTCGCGCCATCAGAGATGTG,369074,T2,Kylie
41,12161.0,0.0,21,171.0,CAAGCAGAAGACGGCATACGAGAT TGGGTCCCACAT AGTCAGTCAG CC GGACTACHVGGGTWTCTAAT        806rcbc171,TGGGTCCCACAT,AATGATACGGCGACCACCGAGATCTACACGCCTCCCTCGCGCCATCAGAGATGTG,369078,HC,Kylie
43,24943.0,0.0,23,147.0,CAAGCAGAAGACGGCATACGAGAT ACAACACTCCGA AGTCAGTCAG CC GGACTACHVGGGTWTCTAAT        806rcbc147,ACAACACTCCGA,AATGATACGGCGACCACCGAGATCTACACGCCTCCCTCGCGCCATCAGAGATGTG,708,T2,Kylie
44,24859.0,0.0,24,174.0,CAAGCAGAAGACGGCATACGAGAT AGTTGTAGTCCG AGTCAGTCAG CC GGACTACHVGGGTWTCTAAT        806rcbc174,AGTTGTAGTCCG,AATGATACGGCGACCACCGAGATCTACACGCCTCCCTCGCGCCATCAGAGATGTG,469076,HC,Kylie
45,18233.0,37.0,25,175.0,CAAGCAGAAGACGGCATACGAGAT TCGTCAAACCCG AGTCAGTCAG CC GGACTACHVGGGTWTCTAAT        806rcbc175,TCGTCAAACCCG,AATGATACGGCGACCACCGAGATCTACACGCCTCCCTCGCGCCATCAGAGATGTG,469021,T2,Kylie
50,28604.0,0.0,30,180.0,CAAGCAGAAGACGGCATACGAGAT GTGCAACCAATC AGTCAGTCAG CC GGACTACHVGGGTWTCTAAT        806rcbc180,GTGCAACCAATC,AATGATACGGCGACCACCGAGATCTACACGCCTCCCTCGCGCCATCAGAGATGTG,469046,T2,Kylie
51,20876.0,0.0,31,181.0,CAAGCAGAAGACGGCATACGAGAT GCTTGAGCTTGA AGTCAGTCAG CC GGACTACHVGGGTWTCTAAT        806rcbc181,GCTTGAGCTTGA,AATGATACGGCGACCACCGAGATCTACACGCCTCCCTCGCGCCATCAGAGATGTG,720,T1,Kylie
52,24006.0,0.0,32,182.0,CAAGCAGAAGACGGCATACGAGAT CGCTGTGGATTA AGTCAGTCAG CC GGACTACHVGGGTWTCTAAT        806rcbc182,CGCTGTGGATTA,AATGATACGGCGACCACCGAGATCTACACGCCTCCCTCGCGCCATCAGAGATGTG,469004,T1,Kylie
53,21366.0,0.0,33,183.0,CAAGCAGAAGACGGCATACGAGAT CTGTCAGTGACC AGTCAGTCAG CC GGACTACHVGGGTWTCTAAT        806rcbc183,CTGTCAGTGACC,AATGATACGGCGACCACCGAGATCTACACGCCTCCCTCGCGCCATCAGAGATGTG,369029,HC,Kylie
55,30985.0,0.0,35,148.0,CAAGCAGAAGACGGCATACGAGAT CGATGCTGTTGA AGTCAGTCAG CC GGACTACHVGGGTWTCTAAT        806rcbc148,CGATGCTGTTGA,AATGATACGGCGACCACCGAGATCTACACGCCTCCCTCGCGCCATCAGAGATGTG,469106,T1,Kylie
56,5707.0,0.0,36,186.0,CAAGCAGAAGACGGCATACGAGAT CTGATCCATCTT AGTCAGTCAG CC GGACTACHVGGGTWTCTAAT        806rcbc186,CTGATCCATCTT,AATGATACGGCGACCACCGAGATCTACACGCCTCCCTCGCGCCATCAGAGATGTG,369027,T1,Kylie
57,27021.0,0.0,37,187.0,CAAGCAGAAGACGGCATACGAGAT TATGTGCCGGCT AGTCAGTCAG CC GGACTACHVGGGTWTCTAAT        806rcbc187,TATGTGCCGGCT,AATGATACGGCGACCACCGAGATCTACACGCCTCCCTCGCGCCATCAGAGATGTG,469025,T1,Kylie
58,32053.0,0.0,38,188.0,CAAGCAGAAGACGGCATACGAGAT TGGTCGCATCGT AGTCAGTCAG CC GGACTACHVGGGTWTCTAAT        806rcbc188,TGGTCGCATCGT,AATGATACGGCGACCACCGAGATCTACACGCCTCCCTCGCGCCATCAGAGATGTG,714,T1,Kylie
59,23214.0,0.0,39,189.0,CAAGCAGAAGACGGCATACGAGAT TGTAAGACTTGG AGTCAGTCAG CC GGACTACHVGGGTWTCTAAT        806rcbc189,TGTAAGACTTGG,AATGATACGGCGACCACCGAGATCTACACGCCTCCCTCGCGCCATCAGAGATGTG,369069,HC,Kylie
61,16547.0,0.0,41,191.0,CAAGCAGAAGACGGCATACGAGAT CGATCTTCGAGC AGTCAGTCAG CC GGACTACHVGGGTWTCTAAT        806rcbc191,CGATCTTCGAGC,AATGATACGGCGACCACCGAGATCTACACGCCTCCCTCGCGCCATCAGAGATGTG,469015,T2,Kylie
62,14685.0,1215.0,42,192.0,CAAGCAGAAGACGGCATACGAGAT GTCGAATTTGCG AGTCAGTCAG CC GGACTACHVGGGTWTCTAAT        806rcbc192,GTCGAATTTGCG,AATGATACGGCGACCACCGAGATCTACACGCCTCCCTCGCGCCATCAGAGATGTG,469021,T1,Kylie
63,24693.0,0.0,43,149.0,CAAGCAGAAGACGGCATACGAGAT ACGACTGCATAA AGTCAGTCAG CC GGACTACHVGGGTWTCTAAT        806rcbc149,ACGACTGCATAA,AATGATACGGCGACCACCGAGATCTACACGCCTCCCTCGCGCCATCAGAGATGTG,369123,T2,Kylie
65,1459.0,0.0,45,150.0,CAAGCAGAAGACGGCATACGAGAT ACGCGAACTAAT AGTCAGTCAG CC GGACTACHVGGGTWTCTAAT        806rcbc150,ACGCGAACTAAT,AATGATACGGCGACCACCGAGATCTACACGCCTCCCTCGCGCCATCAGAGATGTG,469030,T2,Kylie
66,22594.0,0.0,46,196.0,CAAGCAGAAGACGGCATACGAGAT CGCTCACAGAAT AGTCAGTCAG CC GGACTACHVGGGTWTCTAAT        806rcbc196,CGCTCACAGAAT,AATGATACGGCGACCACCGAGATCTACACGCCTCCCTCGCGCCATCAGAGATGTG,707,T1,Kylie
67,28607.0,0.0,47,197.0,CAAGCAGAAGACGGCATACGAGAT ATTCGGTAGTGC AGTCAGTCAG CC GGACTACHVGGGTWTCTAAT        806rcbc197,ATTCGGTAGTGC,AATGATACGGCGACCACCGAGATCTACACGCCTCCCTCGCGCCATCAGAGATGTG,469024,T2,Kylie
68,30482.0,0.0,48,198.0,CAAGCAGAAGACGGCATACGAGAT CGAGCTGTTACC AGTCAGTCAG CC GGACTACHVGGGTWTCTAAT        806rcbc198,CGAGCTGTTACC,AATGATACGGCGACCACCGAGATCTACACGCCTCCCTCGCGCCATCAGAGATGTG,469051,HC,Kylie
74,20196.0,0.0,54,204.0,CAAGCAGAAGACGGCATACGAGAT AGGGTGACTTTA AGTCAGTCAG CC GGACTACHVGGGTWTCTAAT        806rcbc204,AGGGTGACTTTA,AATGATACGGCGACCACCGAGATCTACACGCCTCCCTCGCGCCATCAGAGATGTG,469013,T1,Kylie
75,11715.0,5.0,55,205.0,CAAGCAGAAGACGGCATACGAGAT GACTTCATGCGA AGTCAGTCAG CC GGACTACHVGGGTWTCTAAT        806rcbc205,GACTTCATGCGA,AATGATACGGCGACCACCGAGATCTACACGCCTCCCTCGCGCCATCAGAGATGTG,469036,T1,Kylie
78,31494.0,10.0,58,208.0,CAAGCAGAAGACGGCATACGAGAT TTCGATGCCGCA AGTCAGTCAG CC GGACTACHVGGGTWTCTAAT        806rcbc208,TTCGATGCCGCA,AATGATACGGCGACCACCGAGATCTACACGCCTCCCTCGCGCCATCAGAGATGTG,469070,HC,Kylie
81,18168.0,0.0,61,211.0,CAAGCAGAAGACGGCATACGAGAT TGCACGTGATAA AGTCAGTCAG CC GGACTACHVGGGTWTCTAAT        806rcbc211,TGCACGTGATAA,AATGATACGGCGACCACCGAGATCTACACGCCTCCCTCGCGCCATCAGAGATGTG,469043,T1,Kylie
82,15709.0,101.0,62,152.0,CAAGCAGAAGACGGCATACGAGAT ACGGGTCATCAT AGTCAGTCAG CC GGACTACHVGGGTWTCTAAT        806rcbc152,ACGGGTCATCAT,AATGATACGGCGACCACCGAGATCTACACGCCTCCCTCGCGCCATCAGAGATGTG,369007,T1,Kylie
83,26623.0,0.0,63,213.0,CAAGCAGAAGACGGCATACGAGAT AAGACAGCTATC AGTCAGTCAG CC GGACTACHVGGGTWTCTAAT        806rcbc213,AAGACAGCTATC,AATGATACGGCGACCACCGAGATCTACACGCCTCCCTCGCGCCATCAGAGATGTG,369107,T2,Kylie
84,4132.0,0.0,64,153.0,CAAGCAGAAGACGGCATACGAGAT GAAACATCCCAC AGTCAGTCAG CC GGACTACHVGGGTWTCTAAT        806rcbc153,GAAACATCCCAC,AATGATACGGCGACCACCGAGATCTACACGCCTCCCTCGCGCCATCAGAGATGTG,469108,T1,Kylie
85,11259.0,5.0,65,215.0,CAAGCAGAAGACGGCATACGAGAT TTCTCCATCACA AGTCAGTCAG CC GGACTACHVGGGTWTCTAAT        806rcbc215,TTCTCCATCACA,AATGATACGGCGACCACCGAGATCTACACGCCTCCCTCGCGCCATCAGAGATGTG,469060,HC,Kylie
89,41811.0,0.0,69,219.0,CAAGCAGAAGACGGCATACGAGAT TGGTTGGTTACG AGTCAGTCAG CC GGACTACHVGGGTWTCTAAT        806rcbc219,TGGTTGGTTACG,AATGATACGGCGACCACCGAGATCTACACGCCTCCCTCGCGCCATCAGAGATGTG,469055,HC,Kylie
91,5531.0,57.0,71,221.0,CAAGCAGAAGACGGCATACGAGAT CAACGTGCTCCA AGTCAGTCAG CC GGACTACHVGGGTWTCTAAT        806rcbc221,CAACGTGCTCCA,AATGATACGGCGACCACCGAGATCTACACGCCTCCCTCGCGCCATCAGAGATGTG,369072,HC,Kylie
94,13232.0,0.0,74,224.0,CAAGCAGAAGACGGCATACGAGAT GTAATGCGTAAC AGTCAGTCAG CC GGACTACHVGGGTWTCTAAT        806rcbc224,GTAATGCGTAAC,AATGATACGGCGACCACCGAGATCTACACGCCTCCCTCGCGCCATCAGAGATGTG,469113,T2,Kylie
