index,d__Bacteria;p__Bacteroidota,d__Bacteria;p__Actinobacteriota,d__Bacteria;p__Firmicutes,d__Bacteria;p__Proteobacteria,d__Bacteria;p__Verrucomicrobiota,d__Archaea;p__Euryarchaeota,d__Bacteria;p__Desulfobacterota,d__Bacteria;p__Synergistota,id-orig,BarcodeNumber,BarcodeSequenceFull,BarcodeSequence,LinkerPrimerSequence,StudyID,Timepoint,Person
100,0.0,4436.0,2042.0,32.0,0.0,0.0,0.0,0.0,80,230.0,CAAGCAGAAGACGGCATACGAGAT GGTTCCATTAGG AGTCAGTCAG CC GGACTACHVGGGTWTCTAAT        806rcbc230,GGTTCCATTAGG,AATGATACGGCGACCACCGAGATCTACACGCCTCCCTCGCGCCATCAGAGATGTG,369026,HC,Kylie
101,8245.0,9323.0,18416.0,2963.0,323.0,1723.0,84.0,0.0,81,231.0,CAAGCAGAAGACGGCATACGAGAT GTGTTCCCAGAA AGTCAGTCAG CC GGACTACHVGGGTWTCTAAT        806rcbc231,GTGTTCCCAGAA,AATGATACGGCGACCACCGAGATCTACACGCCTCCCTCGCGCCATCAGAGATGTG,369101,HC,Kylie
104,1653.0,2737.0,18088.0,4.0,281.0,0.0,0.0,0.0,84,234.0,CAAGCAGAAGACGGCATACGAGAT CTCGTGAATGAC AGTCAGTCAG CC GGACTACHVGGGTWTCTAAT        806rcbc234,CTCGTGAATGAC,AATGATACGGCGACCACCGAGATCTACACGCCTCCCTCGCGCCATCAGAGATGTG,469027,T1,Kylie
114,3930.0,1422.0,30452.0,0.0,0.0,0.0,0.0,0.0,94,244.0,CAAGCAGAAGACGGCATACGAGAT GAGACGTGTTCT AGTCAGTCAG CC GGACTACHVGGGTWTCTAAT        806rcbc244,GAGACGTGTTCT,AATGATACGGCGACCACCGAGATCTACACGCCTCCCTCGCGCCATCAGAGATGTG,469108,T2,Kylie
115,295.0,5142.0,14669.0,10.0,93.0,0.0,17.0,0.0,95,245.0,CAAGCAGAAGACGGCATACGAGAT TATCACCGGCAC AGTCAGTCAG CC GGACTACHVGGGTWTCTAAT        806rcbc245,TATCACCGGCAC,AATGATACGGCGACCACCGAGATCTACACGCCTCCCTCGCGCCATCAGAGATGTG,708,T1,Kylie
125,7117.0,10206.0,11176.0,257.0,2.0,0.0,0.0,0.0,105,255.0,CAAGCAGAAGACGGCATACGAGAT AATGACCTCGTG AGTCAGTCAG CC GGACTACHVGGGTWTCTAAT        806rcbc255,AATGACCTCGTG,AATGATACGGCGACCACCGAGATCTACACGCCTCCCTCGCGCCATCAGAGATGTG,718,T1,Kylie
128,137.0,1184.0,7764.0,211.0,0.0,0.0,0.0,0.0,108,258.0,CAAGCAGAAGACGGCATACGAGAT GAGAGTCCACTT AGTCAGTCAG CC GGACTACHVGGGTWTCTAAT        806rcbc258,GAGAGTCCACTT,AATGATACGGCGACCACCGAGATCTACACGCCTCCCTCGCGCCATCAGAGATGTG,369017,T1,Kylie
129,117.0,431.0,2257.0,0.0,2.0,0.0,0.0,0.0,109,259.0,CAAGCAGAAGACGGCATACGAGAT GAACGGGACGTA AGTCAGTCAG CC GGACTACHVGGGTWTCTAAT        806rcbc259,GAACGGGACGTA,AATGATACGGCGACCACCGAGATCTACACGCCTCCCTCGCGCCATCAGAGATGTG,369104,HC,Kylie
133,7176.0,517.0,15097.0,206.0,0.0,0.0,65.0,0.0,113,284.0,CAAGCAGAAGACGGCATACGAGAT ATAACATGTGCG AGTCAGTCAG CC GGACTACHVGGGTWTCTAAT        806rcbc284,ATAACATGTGCG,AATGATACGGCGACCACCGAGATCTACACGCCTCCCTCGCGCCATCAGAGATGTG,369106,HC,Kylie
134,393.0,4858.0,19119.0,16.0,85.0,388.0,0.0,0.0,114,285.0,CAAGCAGAAGACGGCATACGAGAT CTTGAGAAATCG AGTCAGTCAG CC GGACTACHVGGGTWTCTAAT        806rcbc285,CTTGAGAAATCG,AATGATACGGCGACCACCGAGATCTACACGCCTCCCTCGCGCCATCAGAGATGTG,369137,HC,Kylie
135,4593.0,145.0,2270.0,62.0,0.0,0.0,26.0,0.0,115,286.0,CAAGCAGAAGACGGCATACGAGAT CTACACAGCACA AGTCAGTCAG CC GGACTACHVGGGTWTCTAAT        806rcbc286,CTACACAGCACA,AATGATACGGCGACCACCGAGATCTACACGCCTCCCTCGCGCCATCAGAGATGTG,369096,T1,Kylie
136,47.0,281.0,5687.0,3.0,162.0,0.0,0.0,0.0,116,287.0,CAAGCAGAAGACGGCATACGAGAT GAAATGCTACGT AGTCAGTCAG CC GGACTACHVGGGTWTCTAAT        806rcbc287,GAAATGCTACGT,AATGATACGGCGACCACCGAGATCTACACGCCTCCCTCGCGCCATCAGAGATGTG,469063,HC,Kylie
137,1803.0,3438.0,24145.0,53.0,30.0,0.0,0.0,0.0,117,288.0,CAAGCAGAAGACGGCATACGAGAT TCTGAGGTTGCC AGTCAGTCAG CC GGACTACHVGGGTWTCTAAT        806rcbc288,TCTGAGGTTGCC,AATGATACGGCGACCACCGAGATCTACACGCCTCCCTCGCGCCATCAGAGATGTG,469062,HC,Kylie
138,7718.0,673.0,14641.0,0.0,2669.0,0.0,0.0,138.0,118,289.0,CAAGCAGAAGACGGCATACGAGAT GATCATTCTCTC AGTCAGTCAG CC GGACTACHVGGGTWTCTAAT        806rcbc289,GATCATTCTCTC,AATGATACGGCGACCACCGAGATCTACACGCCTCCCTCGCGCCATCAGAGATGTG,469045,T1,Kylie
139,1841.0,7496.0,23955.0,69.0,0.0,0.0,8.0,0.0,119,290.0,CAAGCAGAAGACGGCATACGAGAT AGACATACCGTA AGTCAGTCAG CC GGACTACHVGGGTWTCTAAT        806rcbc290,AGACATACCGTA,AATGATACGGCGACCACCGAGATCTACACGCCTCCCTCGCGCCATCAGAGATGTG,369042,HC,Kylie
140,6067.0,261.0,13014.0,34.0,547.0,0.0,18.0,0.0,120,291.0,CAAGCAGAAGACGGCATACGAGAT GATCCTCATGCG AGTCAGTCAG CC GGACTACHVGGGTWTCTAAT        806rcbc291,GATCCTCATGCG,AATGATACGGCGACCACCGAGATCTACACGCCTCCCTCGCGCCATCAGAGATGTG,369080,T1,Kylie
141,238.0,19252.0,16423.0,75.0,0.0,0.0,6.0,0.0,121,292.0,CAAGCAGAAGACGGCATACGAGAT ATTATCGTCCCT AGTCAGTCAG CC GGACTACHVGGGTWTCTAAT        806rcbc292,ATTATCGTCCCT,AATGATACGGCGACCACCGAGATCTACACGCCTCCCTCGCGCCATCAGAGATGTG,369065,HC,Kylie
142,7493.0,28.0,7687.0,26.0,0.0,0.0,0.0,0.0,122,293.0,CAAGCAGAAGACGGCATACGAGAT CCAGACCGCTAT AGTCAGTCAG CC GGACTACHVGGGTWTCTAAT        806rcbc293,CCAGACCGCTAT,AATGATACGGCGACCACCGAGATCTACACGCCTCCCTCGCGCCATCAGAGATGTG,711,T1,Kylie
143,1122.0,1559.0,17250.0,22.0,0.0,0.0,7.0,0.0,123,294.0,CAAGCAGAAGACGGCATACGAGAT AGCTCTAGAAAC AGTCAGTCAG CC GGACTACHVGGGTWTCTAAT        806rcbc294,AGCTCTAGAAAC,AATGATACGGCGACCACCGAGATCTACACGCCTCCCTCGCGCCATCAGAGATGTG,369120,T1,Kylie
144,2412.0,2525.0,20275.0,111.0,0.0,0.0,40.0,0.0,124,295.0,CAAGCAGAAGACGGCATACGAGAT TCCATCGACGTG AGTCAGTCAG CC GGACTACHVGGGTWTCTAAT        806rcbc295,TCCATCGACGTG,AATGATACGGCGACCACCGAGATCTACACGCCTCCCTCGCGCCATCAGAGATGTG,369051,HC,Kylie
145,269.0,154.0,29867.0,0.0,0.0,0.0,0.0,0.0,125,296.0,CAAGCAGAAGACGGCATACGAGAT CGATGTGTGGTT AGTCAGTCAG CC GGACTACHVGGGTWTCTAAT        806rcbc296,CGATGTGTGGTT,AATGATACGGCGACCACCGAGATCTACACGCCTCCCTCGCGCCATCAGAGATGTG,469042,T1,Kylie
146,394.0,1974.0,18880.0,15.0,113.0,0.0,0.0,0.0,126,297.0,CAAGCAGAAGACGGCATACGAGAT GCGAAGTTGGGA AGTCAGTCAG CC GGACTACHVGGGTWTCTAAT        806rcbc297,GCGAAGTTGGGA,AATGATACGGCGACCACCGAGATCTACACGCCTCCCTCGCGCCATCAGAGATGTG,469065,HC,Kylie
147,3.0,269.0,2518.0,0.0,41.0,0.0,0.0,0.0,127,298.0,CAAGCAGAAGACGGCATACGAGAT GCATTCGGCGTT AGTCAGTCAG CC GGACTACHVGGGTWTCTAAT        806rcbc298,GCATTCGGCGTT,AATGATACGGCGACCACCGAGATCTACACGCCTCCCTCGCGCCATCAGAGATGTG,369070,HC,Kylie
148,5099.0,3203.0,29871.0,15.0,144.0,0.0,5.0,0.0,128,299.0,CAAGCAGAAGACGGCATACGAGAT CGCCATTGTGCA AGTCAGTCAG CC GGACTACHVGGGTWTCTAAT        806rcbc299,CGCCATTGTGCA,AATGATACGGCGACCACCGAGATCTACACGCCTCCCTCGCGCCATCAGAGATGTG,369118,HC,Kylie
149,4.0,8237.0,6157.0,199.0,0.0,0.0,0.0,0.0,129,300.0,CAAGCAGAAGACGGCATACGAGAT TCCAACTGCAGA AGTCAGTCAG CC GGACTACHVGGGTWTCTAAT        806rcbc300,TCCAACTGCAGA,AATGATACGGCGACCACCGAGATCTACACGCCTCCCTCGCGCCATCAGAGATGTG,469067,HC,Kylie
150,10196.0,3514.0,16569.0,5.0,551.0,0.0,38.0,0.0,130,301.0,CAAGCAGAAGACGGCATACGAGAT TAAAGACCCGTA AGTCAGTCAG CC GGACTACHVGGGTWTCTAAT        806rcbc301,TAAAGACCCGTA,AATGATACGGCGACCACCGAGATCTACACGCCTCCCTCGCGCCATCAGAGATGTG,469028,T2,Kylie
151,687.0,16342.0,17199.0,80.0,1788.0,0.0,0.0,0.0,131,302.0,CAAGCAGAAGACGGCATACGAGAT TGTATCTTCACC AGTCAGTCAG CC GGACTACHVGGGTWTCTAAT        806rcbc302,TGTATCTTCACC,AATGATACGGCGACCACCGAGATCTACACGCCTCCCTCGCGCCATCAGAGATGTG,469068,HC,Kylie
152,433.0,3768.0,8973.0,4705.0,0.0,0.0,22.0,0.0,132,303.0,CAAGCAGAAGACGGCATACGAGAT GACTGACTCGTC AGTCAGTCAG CC GGACTACHVGGGTWTCTAAT        806rcbc303,GACTGACTCGTC,AATGATACGGCGACCACCGAGATCTACACGCCTCCCTCGCGCCATCAGAGATGTG,369094,HC,Kylie
153,4.0,9720.0,20916.0,130.0,0.0,2.0,0.0,0.0,133,304.0,CAAGCAGAAGACGGCATACGAGAT TCGTGGATAGCT AGTCAGTCAG CC GGACTACHVGGGTWTCTAAT        806rcbc304,TCGTGGATAGCT,AATGATACGGCGACCACCGAGATCTACACGCCTCCCTCGCGCCATCAGAGATGTG,469019,T1,Kylie
154,33.0,258.0,19647.0,5.0,0.0,0.0,0.0,0.0,134,305.0,CAAGCAGAAGACGGCATACGAGAT GACGCACTAACT AGTCAGTCAG CC GGACTACHVGGGTWTCTAAT        806rcbc305,GACGCACTAACT,AATGATACGGCGACCACCGAGATCTACACGCCTCCCTCGCGCCATCAGAGATGTG,369081,T2,Kylie
155,0.0,399.0,3943.0,0.0,7.0,0.0,0.0,0.0,135,306.0,CAAGCAGAAGACGGCATACGAGAT GGCGATTTACGT AGTCAGTCAG CC GGACTACHVGGGTWTCTAAT        806rcbc306,GGCGATTTACGT,AATGATACGGCGACCACCGAGATCTACACGCCTCCCTCGCGCCATCAGAGATGTG,469013,T2,Kylie
156,624.0,18345.0,17386.0,31.0,1746.0,0.0,16.0,0.0,136,307.0,CAAGCAGAAGACGGCATACGAGAT TAAGGCATCGCT AGTCAGTCAG CC GGACTACHVGGGTWTCTAAT        806rcbc307,TAAGGCATCGCT,AATGATACGGCGACCACCGAGATCTACACGCCTCCCTCGCGCCATCAGAGATGTG,469077,HC,Kylie
157,13137.0,355.0,18299.0,0.0,54.0,0.0,0.0,0.0,137,308.0,CAAGCAGAAGACGGCATACGAGAT ACCCATACAGCC AGTCAGTCAG CC GGACTACHVGGGTWTCTAAT        806rcbc308,ACCCATACAGCC,AATGATACGGCGACCACCGAGATCTACACGCCTCCCTCGCGCCATCAGAGATGTG,469045,T2,Kylie
160,0.0,6253.0,15905.0,328.0,0.0,0.0,0.0,0.0,140,311.0,CAAGCAGAAGACGGCATACGAGAT CTACGAAAGCCT AGTCAGTCAG CC GGACTACHVGGGTWTCTAAT        806rcbc311,CTACGAAAGCCT,AATGATACGGCGACCACCGAGATCTACACGCCTCCCTCGCGCCATCAGAGATGTG,469017,T1,Kylie
161,0.0,6646.0,37051.0,105.0,0.0,0.0,0.0,0.0,141,312.0,CAAGCAGAAGACGGCATACGAGAT ATAATTGCCGAG AGTCAGTCAG CC GGACTACHVGGGTWTCTAAT        806rcbc312,ATAATTGCCGAG,AATGATACGGCGACCACCGAGATCTACACGCCTCCCTCGCGCCATCAGAGATGTG,469106,T2,Kylie
162,15959.0,11531.0,21478.0,573.0,0.0,0.0,207.0,0.0,142,313.0,CAAGCAGAAGACGGCATACGAGAT GGCATGTTATCG AGTCAGTCAG CC GGACTACHVGGGTWTCTAAT        806rcbc313,GGCATGTTATCG,AATGATACGGCGACCACCGAGATCTACACGCCTCCCTCGCGCCATCAGAGATGTG,469112,T1,Kylie
163,126.0,19285.0,26503.0,2.0,0.0,0.0,0.0,0.0,143,314.0,CAAGCAGAAGACGGCATACGAGAT AGGCACAGTAGG AGTCAGTCAG CC GGACTACHVGGGTWTCTAAT        806rcbc314,AGGCACAGTAGG,AATGATACGGCGACCACCGAGATCTACACGCCTCCCTCGCGCCATCAGAGATGTG,710,T1,Kylie
164,4138.0,2053.0,18813.0,77.0,2003.0,1087.0,71.0,0.0,144,315.0,CAAGCAGAAGACGGCATACGAGAT CTACTTACATCC AGTCAGTCAG CC GGACTACHVGGGTWTCTAAT        806rcbc315,CTACTTACATCC,AATGATACGGCGACCACCGAGATCTACACGCCTCCCTCGCGCCATCAGAGATGTG,369016,T2,Kylie
165,7771.0,5354.0,22321.0,346.0,87.0,0.0,35.0,0.0,145,316.0,CAAGCAGAAGACGGCATACGAGAT CTCTTCTGATCA AGTCAGTCAG CC GGACTACHVGGGTWTCTAAT        806rcbc316,CTCTTCTGATCA,AATGATACGGCGACCACCGAGATCTACACGCCTCCCTCGCGCCATCAGAGATGTG,369124,HC,Kylie
166,354.0,794.0,29932.0,194.0,0.0,0.0,15.0,0.0,146,317.0,CAAGCAGAAGACGGCATACGAGAT ATGCTAACCACG AGTCAGTCAG CC GGACTACHVGGGTWTCTAAT        806rcbc317,ATGCTAACCACG,AATGATACGGCGACCACCGAGATCTACACGCCTCCCTCGCGCCATCAGAGATGTG,369004,HC,Kylie
167,5439.0,594.0,21639.0,8825.0,334.0,111.0,7.0,0.0,147,318.0,CAAGCAGAAGACGGCATACGAGAT ACCAATCTCGGC AGTCAGTCAG CC GGACTACHVGGGTWTCTAAT        806rcbc318,ACCAATCTCGGC,AATGATACGGCGACCACCGAGATCTACACGCCTCCCTCGCGCCATCAGAGATGTG,369006,HC,Kylie
169,87.0,14843.0,11637.0,4.0,65.0,0.0,4.0,0.0,149,320.0,CAAGCAGAAGACGGCATACGAGAT GTACTGAAGATC AGTCAGTCAG CC GGACTACHVGGGTWTCTAAT        806rcbc320,GTACTGAAGATC,AATGATACGGCGACCACCGAGATCTACACGCCTCCCTCGCGCCATCAGAGATGTG,369011,HC,Kylie
170,8919.0,1874.0,17996.0,3.0,0.0,0.0,43.0,0.0,150,321.0,CAAGCAGAAGACGGCATACGAGAT TCGCCGTGTACA AGTCAGTCAG CC GGACTACHVGGGTWTCTAAT        806rcbc321,TCGCCGTGTACA,AATGATACGGCGACCACCGAGATCTACACGCCTCCCTCGCGCCATCAGAGATGTG,469020,T1,Kylie
171,15691.0,635.0,21335.0,68.0,0.0,0.0,17.0,0.0,151,322.0,CAAGCAGAAGACGGCATACGAGAT AACTGCGATATG AGTCAGTCAG CC GGACTACHVGGGTWTCTAAT        806rcbc322,AACTGCGATATG,AATGATACGGCGACCACCGAGATCTACACGCCTCCCTCGCGCCATCAGAGATGTG,469113,T1,Kylie
172,1948.0,2435.0,20844.0,197.0,0.0,0.0,0.0,0.0,152,323.0,CAAGCAGAAGACGGCATACGAGAT CTTCCAACTCAT AGTCAGTCAG CC GGACTACHVGGGTWTCTAAT        806rcbc323,CTTCCAACTCAT,AATGATACGGCGACCACCGAGATCTACACGCCTCCCTCGCGCCATCAGAGATGTG,369015,T2,Kylie
173,609.0,1712.0,10193.0,37.0,1789.0,0.0,0.0,0.0,153,324.0,CAAGCAGAAGACGGCATACGAGAT GAGATCGCCTAT AGTCAGTCAG CC GGACTACHVGGGTWTCTAAT        806rcbc324,GAGATCGCCTAT,AATGATACGGCGACCACCGAGATCTACACGCCTCCCTCGCGCCATCAGAGATGTG,703,T1,Kylie
174,5434.0,4548.0,13516.0,13.0,3263.0,0.0,14.0,0.0,154,325.0,CAAGCAGAAGACGGCATACGAGAT TGTACATCGCCG AGTCAGTCAG CC GGACTACHVGGGTWTCTAAT        806rcbc325,TGTACATCGCCG,AATGATACGGCGACCACCGAGATCTACACGCCTCCCTCGCGCCATCAGAGATGTG,369080,T2,Kylie
175,2279.0,13090.0,11635.0,342.0,0.0,4580.0,11.0,0.0,155,326.0,CAAGCAGAAGACGGCATACGAGAT TGTTAAGCAGCA AGTCAGTCAG CC GGACTACHVGGGTWTCTAAT        806rcbc326,TGTTAAGCAGCA,AATGATACGGCGACCACCGAGATCTACACGCCTCCCTCGCGCCATCAGAGATGTG,469001,T2,Kylie
176,0.0,1492.0,13975.0,4.0,0.0,0.0,0.0,0.0,156,327.0,CAAGCAGAAGACGGCATACGAGAT ACGGCGTTATGT AGTCAGTCAG CC GGACTACHVGGGTWTCTAAT        806rcbc327,ACGGCGTTATGT,AATGATACGGCGACCACCGAGATCTACACGCCTCCCTCGCGCCATCAGAGATGTG,469041,T2,Kylie
177,1757.0,4080.0,26207.0,61.0,0.0,0.0,23.0,0.0,157,328.0,CAAGCAGAAGACGGCATACGAGAT ACTTTGCTTTGC AGTCAGTCAG CC GGACTACHVGGGTWTCTAAT        806rcbc328,ACTTTGCTTTGC,AATGATACGGCGACCACCGAGATCTACACGCCTCCCTCGCGCCATCAGAGATGTG,369063,HC,Kylie
179,898.0,602.0,6337.0,10.0,0.0,0.0,50.0,0.0,159,330.0,CAAGCAGAAGACGGCATACGAGAT CGAAACTACGTA AGTCAGTCAG CC GGACTACHVGGGTWTCTAAT        806rcbc330,CGAAACTACGTA,AATGATACGGCGACCACCGAGATCTACACGCCTCCCTCGCGCCATCAGAGATGTG,369116,T1,Kylie
180,2460.0,4.0,10505.0,205.0,0.0,0.0,0.0,0.0,160,331.0,CAAGCAGAAGACGGCATACGAGAT GAGGACCAGCAA AGTCAGTCAG CC GGACTACHVGGGTWTCTAAT        806rcbc331,GAGGACCAGCAA,AATGATACGGCGACCACCGAGATCTACACGCCTCCCTCGCGCCATCAGAGATGTG,469004,T2,Kylie
181,3178.0,216.0,15788.0,12.0,0.0,0.0,2.0,0.0,161,332.0,CAAGCAGAAGACGGCATACGAGAT AATAGCATGTCG AGTCAGTCAG CC GGACTACHVGGGTWTCTAAT        806rcbc332,AATAGCATGTCG,AATGATACGGCGACCACCGAGATCTACACGCCTCCCTCGCGCCATCAGAGATGTG,469014,T2,Kylie
182,118.0,11.0,16153.0,10.0,0.0,0.0,0.0,0.0,162,333.0,CAAGCAGAAGACGGCATACGAGAT CGGAGTAATCCT AGTCAGTCAG CC GGACTACHVGGGTWTCTAAT        806rcbc333,CGGAGTAATCCT,AATGATACGGCGACCACCGAGATCTACACGCCTCCCTCGCGCCATCAGAGATGTG,469006,T2,Kylie
183,114.0,4207.0,12576.0,0.0,0.0,0.0,0.0,0.0,163,334.0,CAAGCAGAAGACGGCATACGAGAT CTGTGTCCATGG AGTCAGTCAG CC GGACTACHVGGGTWTCTAAT        806rcbc334,CTGTGTCCATGG,AATGATACGGCGACCACCGAGATCTACACGCCTCCCTCGCGCCATCAGAGATGTG,715,T1,Kylie
184,2131.0,12331.0,11194.0,0.0,0.0,0.0,0.0,0.0,164,335.0,CAAGCAGAAGACGGCATACGAGAT CTTCGCGGATGT AGTCAGTCAG CC GGACTACHVGGGTWTCTAAT        806rcbc335,CTTCGCGGATGT,AATGATACGGCGACCACCGAGATCTACACGCCTCCCTCGCGCCATCAGAGATGTG,369085,T2,Kylie
185,10517.0,164.0,13068.0,250.0,55.0,0.0,0.0,0.0,165,336.0,CAAGCAGAAGACGGCATACGAGAT ATAGGCTGTAGT AGTCAGTCAG CC GGACTACHVGGGTWTCTAAT        806rcbc336,ATAGGCTGTAGT,AATGATACGGCGACCACCGAGATCTACACGCCTCCCTCGCGCCATCAGAGATGTG,469037,T1,Kylie
186,3851.0,8678.0,23465.0,0.0,2.0,0.0,0.0,0.0,166,337.0,CAAGCAGAAGACGGCATACGAGAT TGTGTAGCCATG AGTCAGTCAG CC GGACTACHVGGGTWTCTAAT        806rcbc337,TGTGTAGCCATG,AATGATACGGCGACCACCGAGATCTACACGCCTCCCTCGCGCCATCAGAGATGTG,469026,T1,Kylie
187,24.0,1194.0,336.0,4.0,334.0,0.0,8.0,0.0,167,338.0,CAAGCAGAAGACGGCATACGAGAT AAGGGCGCTGAA AGTCAGTCAG CC GGACTACHVGGGTWTCTAAT        806rcbc338,AAGGGCGCTGAA,AATGATACGGCGACCACCGAGATCTACACGCCTCCCTCGCGCCATCAGAGATGTG,469032,T1,Kylie
188,62.0,2549.0,20913.0,5.0,0.0,0.0,0.0,0.0,168,339.0,CAAGCAGAAGACGGCATACGAGAT GTTTCCGTGGTG AGTCAGTCAG CC GGACTACHVGGGTWTCTAAT        806rcbc339,GTTTCCGTGGTG,AATGATACGGCGACCACCGAGATCTACACGCCTCCCTCGCGCCATCAGAGATGTG,469049,T2,Kylie
189,0.0,1400.0,1864.0,0.0,0.0,0.0,0.0,0.0,169,340.0,CAAGCAGAAGACGGCATACGAGAT AGGAACCAGACG AGTCAGTCAG CC GGACTACHVGGGTWTCTAAT        806rcbc340,AGGAACCAGACG,AATGATACGGCGACCACCGAGATCTACACGCCTCCCTCGCGCCATCAGAGATGTG,369062,HC,Kylie
191,50.0,63.0,844.0,4.0,62.0,0.0,0.0,0.0,171,342.0,CAAGCAGAAGACGGCATACGAGAT TATGAACGTCCG AGTCAGTCAG CC GGACTACHVGGGTWTCTAAT        806rcbc342,TATGAACGTCCG,AATGATACGGCGACCACCGAGATCTACACGCCTCCCTCGCGCCATCAGAGATGTG,469050,T2,Kylie
192,1060.0,3736.0,25567.0,50.0,77.0,0.0,0.0,0.0,172,343.0,CAAGCAGAAGACGGCATACGAGAT CCACATTGGGTC AGTCAGTCAG CC GGACTACHVGGGTWTCTAAT        806rcbc343,CCACATTGGGTC,AATGATACGGCGACCACCGAGATCTACACGCCTCCCTCGCGCCATCAGAGATGTG,369084,HC,Kylie
193,61.0,2428.0,4917.0,0.0,0.0,0.0,0.0,0.0,173,344.0,CAAGCAGAAGACGGCATACGAGAT TCAGTCAGATGA AGTCAGTCAG CC GGACTACHVGGGTWTCTAAT        806rcbc344,TCAGTCAGATGA,AATGATACGGCGACCACCGAGATCTACACGCCTCCCTCGCGCCATCAGAGATGTG,369112,HC,Kylie
194,989.0,235.0,7310.0,2.0,1647.0,0.0,57.0,0.0,174,345.0,CAAGCAGAAGACGGCATACGAGAT AAGTCACACACA AGTCAGTCAG CC GGACTACHVGGGTWTCTAAT        806rcbc345,AAGTCACACACA,AATGATACGGCGACCACCGAGATCTACACGCCTCCCTCGCGCCATCAGAGATGTG,469028,T1,Kylie
195,242.0,11141.0,21100.0,6.0,87.0,0.0,34.0,0.0,175,346.0,CAAGCAGAAGACGGCATACGAGAT GCTGTGATTCGA AGTCAGTCAG CC GGACTACHVGGGTWTCTAAT        806rcbc346,GCTGTGATTCGA,AATGATACGGCGACCACCGAGATCTACACGCCTCCCTCGCGCCATCAGAGATGTG,369105,HC,Kylie
196,184.0,6813.0,34576.0,2.0,0.0,0.0,0.0,0.0,176,347.0,CAAGCAGAAGACGGCATACGAGAT CTAGCTATGGAC AGTCAGTCAG CC GGACTACHVGGGTWTCTAAT        806rcbc347,CTAGCTATGGAC,AATGATACGGCGACCACCGAGATCTACACGCCTCCCTCGCGCCATCAGAGATGTG,469035,T2,Kylie
197,259.0,166.0,20458.0,0.0,0.0,0.0,0.0,0.0,177,348.0,CAAGCAGAAGACGGCATACGAGAT CTTGACGAGGTT AGTCAGTCAG CC GGACTACHVGGGTWTCTAAT        806rcbc348,CTTGACGAGGTT,AATGATACGGCGACCACCGAGATCTACACGCCTCCCTCGCGCCATCAGAGATGTG,469033,T1,Kylie
198,78.0,268.0,6443.0,12.0,48.0,0.0,7.0,0.0,178,349.0,CAAGCAGAAGACGGCATACGAGAT ACCTGGGAATAT AGTCAGTCAG CC GGACTACHVGGGTWTCTAAT        806rcbc349,ACCTGGGAATAT,AATGATACGGCGACCACCGAGATCTACACGCCTCCCTCGCGCCATCAGAGATGTG,469059,HC,Kylie
199,8049.0,193.0,21295.0,13.0,0.0,0.0,0.0,0.0,179,350.0,CAAGCAGAAGACGGCATACGAGAT CTCTGCCTAATT AGTCAGTCAG CC GGACTACHVGGGTWTCTAAT        806rcbc350,CTCTGCCTAATT,AATGATACGGCGACCACCGAGATCTACACGCCTCCCTCGCGCCATCAGAGATGTG,469030,T1,Kylie
200,239.0,314.0,7417.0,173.0,523.0,0.0,9.0,0.0,180,351.0,CAAGCAGAAGACGGCATACGAGAT ATATGACCCAGC AGTCAGTCAG CC GGACTACHVGGGTWTCTAAT        806rcbc351,ATATGACCCAGC,AATGATACGGCGACCACCGAGATCTACACGCCTCCCTCGCGCCATCAGAGATGTG,369135,T1,Kylie
201,1164.0,1594.0,8881.0,2124.0,0.0,28.0,40.0,0.0,181,352.0,CAAGCAGAAGACGGCATACGAGAT CTCTATTCCACC AGTCAGTCAG CC GGACTACHVGGGTWTCTAAT        806rcbc352,CTCTATTCCACC,AATGATACGGCGACCACCGAGATCTACACGCCTCCCTCGCGCCATCAGAGATGTG,469064,HC,Kylie
202,4566.0,2586.0,13060.0,89.0,0.0,0.0,0.0,0.0,182,353.0,CAAGCAGAAGACGGCATACGAGAT ATTGAGTGAGTC AGTCAGTCAG CC GGACTACHVGGGTWTCTAAT        806rcbc353,ATTGAGTGAGTC,AATGATACGGCGACCACCGAGATCTACACGCCTCCCTCGCGCCATCAGAGATGTG,469101,T1,Kylie
203,344.0,124.0,5710.0,19.0,132.0,0.0,0.0,0.0,183,354.0,CAAGCAGAAGACGGCATACGAGAT TTATGGTACGGA AGTCAGTCAG CC GGACTACHVGGGTWTCTAAT        806rcbc354,TTATGGTACGGA,AATGATACGGCGACCACCGAGATCTACACGCCTCCCTCGCGCCATCAGAGATGTG,469075,HC,Kylie
204,2218.0,1910.0,15611.0,66.0,0.0,0.0,8.0,0.0,184,355.0,CAAGCAGAAGACGGCATACGAGAT GCTAGTTATGGA AGTCAGTCAG CC GGACTACHVGGGTWTCTAAT        806rcbc355,GCTAGTTATGGA,AATGATACGGCGACCACCGAGATCTACACGCCTCCCTCGCGCCATCAGAGATGTG,369083,HC,Kylie
205,38.0,267.0,1799.0,3.0,7.0,0.0,0.0,0.0,185,356.0,CAAGCAGAAGACGGCATACGAGAT CAGATTAACCAG AGTCAGTCAG CC GGACTACHVGGGTWTCTAAT        806rcbc356,CAGATTAACCAG,AATGATACGGCGACCACCGAGATCTACACGCCTCCCTCGCGCCATCAGAGATGTG,469079,HC,Kylie
206,5706.0,97.0,10456.0,1525.0,246.0,0.0,116.0,0.0,186,357.0,CAAGCAGAAGACGGCATACGAGAT GGCTGCATACTC AGTCAGTCAG CC GGACTACHVGGGTWTCTAAT        806rcbc357,GGCTGCATACTC,AATGATACGGCGACCACCGAGATCTACACGCCTCCCTCGCGCCATCAGAGATGTG,469029,T1,Kylie
207,2804.0,5830.0,12375.0,11.0,0.0,403.0,0.0,0.0,187,358.0,CAAGCAGAAGACGGCATACGAGAT TTGGTAAAGTGC AGTCAGTCAG CC GGACTACHVGGGTWTCTAAT        806rcbc358,TTGGTAAAGTGC,AATGATACGGCGACCACCGAGATCTACACGCCTCCCTCGCGCCATCAGAGATGTG,369025,T1,Kylie
208,3548.0,218.0,6857.0,36.0,0.0,1172.0,0.0,0.0,188,359.0,CAAGCAGAAGACGGCATACGAGAT AAGTGGCTATCC AGTCAGTCAG CC GGACTACHVGGGTWTCTAAT        806rcbc359,AAGTGGCTATCC,AATGATACGGCGACCACCGAGATCTACACGCCTCCCTCGCGCCATCAGAGATGTG,369035,HC,Kylie
209,1156.0,120.0,3379.0,0.0,47.0,0.0,3.0,0.0,189,360.0,CAAGCAGAAGACGGCATACGAGAT AACCGATGTACC AGTCAGTCAG CC GGACTACHVGGGTWTCTAAT        806rcbc360,AACCGATGTACC,AATGATACGGCGACCACCGAGATCTACACGCCTCCCTCGCGCCATCAGAGATGTG,469014,T1,Kylie
210,1719.0,481.0,10933.0,57.0,356.0,0.0,0.0,0.0,190,362.0,CAAGCAGAAGACGGCATACGAGAT GCATTACTGGAC AGTCAGTCAG CC GGACTACHVGGGTWTCTAAT        806rcbc362,GCATTACTGGAC,AATGATACGGCGACCACCGAGATCTACACGCCTCCCTCGCGCCATCAGAGATGTG,469015,T1,Kylie
211,6336.0,64.0,14400.0,231.0,0.0,0.0,7.0,0.0,191,363.0,CAAGCAGAAGACGGCATACGAGAT TTGGGCCACATA AGTCAGTCAG CC GGACTACHVGGGTWTCTAAT        806rcbc363,TTGGGCCACATA,AATGATACGGCGACCACCGAGATCTACACGCCTCCCTCGCGCCATCAGAGATGTG,469029,T2,Kylie
212,13.0,913.0,8736.0,15.0,0.0,0.0,0.0,0.0,192,364.0,CAAGCAGAAGACGGCATACGAGAT CACACAAAGTCA AGTCAGTCAG CC GGACTACHVGGGTWTCTAAT        806rcbc364,CACACAAAGTCA,AATGATACGGCGACCACCGAGATCTACACGCCTCCCTCGCGCCATCAGAGATGTG,369109,T1,Kylie
213,302.0,7979.0,24187.0,3.0,480.0,0.0,19.0,0.0,193,365.0,CAAGCAGAAGACGGCATACGAGAT GCCAAGGATAGG AGTCAGTCAG CC GGACTACHVGGGTWTCTAAT        806rcbc365,GCCAAGGATAGG,AATGATACGGCGACCACCGAGATCTACACGCCTCCCTCGCGCCATCAGAGATGTG,369043,T2,Kylie
214,1357.0,76.0,4659.0,20.0,0.0,0.0,0.0,0.0,194,366.0,CAAGCAGAAGACGGCATACGAGAT CGCCACGTGTAT AGTCAGTCAG CC GGACTACHVGGGTWTCTAAT        806rcbc366,CGCCACGTGTAT,AATGATACGGCGACCACCGAGATCTACACGCCTCCCTCGCGCCATCAGAGATGTG,469104,T2,Kylie
215,1712.0,2965.0,7346.0,0.0,0.0,0.0,0.0,0.0,195,367.0,CAAGCAGAAGACGGCATACGAGAT GCAACCGATTGT AGTCAGTCAG CC GGACTACHVGGGTWTCTAAT        806rcbc367,GCAACCGATTGT,AATGATACGGCGACCACCGAGATCTACACGCCTCCCTCGCGCCATCAGAGATGTG,702,T1,Kylie
216,4095.0,2753.0,16470.0,215.0,2563.0,0.0,0.0,0.0,196,368.0,CAAGCAGAAGACGGCATACGAGAT CATGTGCTTAGG AGTCAGTCAG CC GGACTACHVGGGTWTCTAAT        806rcbc368,CATGTGCTTAGG,AATGATACGGCGACCACCGAGATCTACACGCCTCCCTCGCGCCATCAGAGATGTG,369046,HC,Kylie
217,388.0,3175.0,11635.0,3.0,189.0,0.0,59.0,0.0,197,369.0,CAAGCAGAAGACGGCATACGAGAT GTTCCTCCATTA AGTCAGTCAG CC GGACTACHVGGGTWTCTAAT        806rcbc369,GTTCCTCCATTA,AATGATACGGCGACCACCGAGATCTACACGCCTCCCTCGCGCCATCAGAGATGTG,469052,HC,Kylie
218,1884.0,2856.0,11211.0,0.0,0.0,0.0,0.0,0.0,198,370.0,CAAGCAGAAGACGGCATACGAGAT ACCTGTCCTTTC AGTCAGTCAG CC GGACTACHVGGGTWTCTAAT        806rcbc370,ACCTGTCCTTTC,AATGATACGGCGACCACCGAGATCTACACGCCTCCCTCGCGCCATCAGAGATGTG,369073,T1,Kylie
219,1810.0,5647.0,7669.0,7.0,0.0,0.0,18.0,0.0,199,371.0,CAAGCAGAAGACGGCATACGAGAT GTTCACGCCCAA AGTCAGTCAG CC GGACTACHVGGGTWTCTAAT        806rcbc371,GTTCACGCCCAA,AATGATACGGCGACCACCGAGATCTACACGCCTCCCTCGCGCCATCAGAGATGTG,369048,T1,Kylie
22,23.0,3273.0,16413.0,3766.0,374.0,0.0,0.0,0.0,2,62.0,CAAGCAGAAGACGGCATACGAGAT GCTCGAAGATTC AGTCAGTCAG CC GGACTACHVGGGTWTCTAAT        806rcbc62,GCTCGAAGATTC,AATGATACGGCGACCACCGAGATCTACACGCCTCCCTCGCGCCATCAGAGATGTG,369034,T1,Kylie
220,484.0,497.0,14658.0,4.0,0.0,0.0,7.0,0.0,200,372.0,CAAGCAGAAGACGGCATACGAGAT CGATCGAACACT AGTCAGTCAG CC GGACTACHVGGGTWTCTAAT        806rcbc372,CGATCGAACACT,AATGATACGGCGACCACCGAGATCTACACGCCTCCCTCGCGCCATCAGAGATGTG,469069,HC,Kylie
221,16381.0,425.0,23010.0,17.0,0.0,0.0,0.0,0.0,201,373.0,CAAGCAGAAGACGGCATACGAGAT CATGCCAACATG AGTCAGTCAG CC GGACTACHVGGGTWTCTAAT        806rcbc373,CATGCCAACATG,AATGATACGGCGACCACCGAGATCTACACGCCTCCCTCGCGCCATCAGAGATGTG,469048,T1,Kylie
222,398.0,123.0,3879.0,51.0,27.0,0.0,0.0,0.0,202,374.0,CAAGCAGAAGACGGCATACGAGAT GAGTACAGTCTA AGTCAGTCAG CC GGACTACHVGGGTWTCTAAT        806rcbc374,GAGTACAGTCTA,AATGATACGGCGACCACCGAGATCTACACGCCTCCCTCGCGCCATCAGAGATGTG,706,T2,Kylie
223,2167.0,3007.0,23703.0,0.0,0.0,31.0,0.0,0.0,203,375.0,CAAGCAGAAGACGGCATACGAGAT CCTACATGAGAC AGTCAGTCAG CC GGACTACHVGGGTWTCTAAT        806rcbc375,CCTACATGAGAC,AATGATACGGCGACCACCGAGATCTACACGCCTCCCTCGCGCCATCAGAGATGTG,369007,T2,Kylie
224,1897.0,459.0,27733.0,122.0,0.0,0.0,29.0,0.0,204,376.0,CAAGCAGAAGACGGCATACGAGAT TCCGTGGTATAG AGTCAGTCAG CC GGACTACHVGGGTWTCTAAT        806rcbc376,TCCGTGGTATAG,AATGATACGGCGACCACCGAGATCTACACGCCTCCCTCGCGCCATCAGAGATGTG,369135,T2,Kylie
225,3534.0,9.0,4360.0,21.0,21.0,0.0,0.0,0.0,205,377.0,CAAGCAGAAGACGGCATACGAGAT TCTACGGCACGT AGTCAGTCAG CC GGACTACHVGGGTWTCTAAT        806rcbc377,TCTACGGCACGT,AATGATACGGCGACCACCGAGATCTACACGCCTCCCTCGCGCCATCAGAGATGTG,469010,T1,Kylie
226,3546.0,581.0,9552.0,104.0,427.0,197.0,62.0,0.0,206,378.0,CAAGCAGAAGACGGCATACGAGAT ATGCTGCAACAC AGTCAGTCAG CC GGACTACHVGGGTWTCTAAT        806rcbc378,ATGCTGCAACAC,AATGATACGGCGACCACCGAGATCTACACGCCTCCCTCGCGCCATCAGAGATGTG,369016,T1,Kylie
227,168.0,9906.0,33162.0,0.0,442.0,0.0,0.0,0.0,207,379.0,CAAGCAGAAGACGGCATACGAGAT TTCTCATGGAGG AGTCAGTCAG CC GGACTACHVGGGTWTCTAAT        806rcbc379,TTCTCATGGAGG,AATGATACGGCGACCACCGAGATCTACACGCCTCCCTCGCGCCATCAGAGATGTG,706,T1,Kylie
228,12524.0,741.0,23159.0,401.0,538.0,0.0,154.0,0.0,208,381.0,CAAGCAGAAGACGGCATACGAGAT GCTATCAAGACA AGTCAGTCAG CC GGACTACHVGGGTWTCTAAT        806rcbc381,GCTATCAAGACA,AATGATACGGCGACCACCGAGATCTACACGCCTCCCTCGCGCCATCAGAGATGTG,369068,T2,Kylie
229,185.0,609.0,21036.0,0.0,0.0,0.0,0.0,0.0,209,382.0,CAAGCAGAAGACGGCATACGAGAT CCGTGACAACTC AGTCAGTCAG CC GGACTACHVGGGTWTCTAAT        806rcbc382,CCGTGACAACTC,AATGATACGGCGACCACCGAGATCTACACGCCTCCCTCGCGCCATCAGAGATGTG,469048,T2,Kylie
23,2696.0,5782.0,9846.0,7.0,1743.0,0.0,24.0,0.0,3,63.0,CAAGCAGAAGACGGCATACGAGAT AGGCTTACGTGT AGTCAGTCAG CC GGACTACHVGGGTWTCTAAT        806rcbc63,AGGCTTACGTGT,AATGATACGGCGACCACCGAGATCTACACGCCTCCCTCGCGCCATCAGAGATGTG,369009,HC,Kylie
230,2652.0,3339.0,23839.0,53.0,2067.0,0.0,46.0,0.0,210,383.0,CAAGCAGAAGACGGCATACGAGAT CGTTCCTTGTTA AGTCAGTCAG CC GGACTACHVGGGTWTCTAAT        806rcbc383,CGTTCCTTGTTA,AATGATACGGCGACCACCGAGATCTACACGCCTCCCTCGCGCCATCAGAGATGTG,369073,T2,Kylie
231,552.0,2529.0,10027.0,3.0,0.0,0.0,9.0,0.0,211,384.0,CAAGCAGAAGACGGCATACGAGAT GGAATTATCGGT AGTCAGTCAG CC GGACTACHVGGGTWTCTAAT        806rcbc384,GGAATTATCGGT,AATGATACGGCGACCACCGAGATCTACACGCCTCCCTCGCGCCATCAGAGATGTG,369133,T2,Kylie
232,4424.0,145.0,4413.0,22.0,277.0,0.0,43.0,356.0,212,385.0,CAAGCAGAAGACGGCATACGAGAT CATCAAGCATAG AGTCAGTCAG CC GGACTACHVGGGTWTCTAAT        806rcbc385,CATCAAGCATAG,AATGATACGGCGACCACCGAGATCTACACGCCTCCCTCGCGCCATCAGAGATGTG,712,T1,Kylie
233,565.0,632.0,7365.0,256.0,13.0,0.0,51.0,0.0,213,386.0,CAAGCAGAAGACGGCATACGAGAT CATCGCGTTGAC AGTCAGTCAG CC GGACTACHVGGGTWTCTAAT        806rcbc386,CATCGCGTTGAC,AATGATACGGCGACCACCGAGATCTACACGCCTCCCTCGCGCCATCAGAGATGTG,369107,T1,Kylie
234,396.0,436.0,3021.0,81.0,18.0,0.0,12.0,0.0,214,387.0,CAAGCAGAAGACGGCATACGAGAT GCACATAGTCGT AGTCAGTCAG CC GGACTACHVGGGTWTCTAAT        806rcbc387,GCACATAGTCGT,AATGATACGGCGACCACCGAGATCTACACGCCTCCCTCGCGCCATCAGAGATGTG,369043,T1,Kylie
235,1013.0,3468.0,9478.0,7.0,46.0,56.0,35.0,0.0,215,388.0,CAAGCAGAAGACGGCATACGAGAT GGCAAATACACT AGTCAGTCAG CC GGACTACHVGGGTWTCTAAT        806rcbc388,GGCAAATACACT,AATGATACGGCGACCACCGAGATCTACACGCCTCCCTCGCGCCATCAGAGATGTG,369040,T2,Kylie
236,3425.0,102.0,2661.0,14.0,111.0,26.0,8.0,0.0,216,389.0,CAAGCAGAAGACGGCATACGAGAT GTCATGCTCCAG AGTCAGTCAG CC GGACTACHVGGGTWTCTAAT        806rcbc389,GTCATGCTCCAG,AATGATACGGCGACCACCGAGATCTACACGCCTCCCTCGCGCCATCAGAGATGTG,469022,T1,Kylie
237,2557.0,2060.0,19991.0,2.0,1779.0,1121.0,45.0,0.0,217,390.0,CAAGCAGAAGACGGCATACGAGAT CCTAGTAAGCTG AGTCAGTCAG CC GGACTACHVGGGTWTCTAAT        806rcbc390,CCTAGTAAGCTG,AATGATACGGCGACCACCGAGATCTACACGCCTCCCTCGCGCCATCAGAGATGTG,369036,T1,Kylie
238,1230.0,15010.0,17459.0,19.0,6.0,0.0,5.0,0.0,218,391.0,CAAGCAGAAGACGGCATACGAGAT TTACCGACGAGT AGTCAGTCAG CC GGACTACHVGGGTWTCTAAT        806rcbc391,TTACCGACGAGT,AATGATACGGCGACCACCGAGATCTACACGCCTCCCTCGCGCCATCAGAGATGTG,369032,HC,Kylie
239,6744.0,428.0,5840.0,0.0,0.0,0.0,0.0,0.0,219,392.0,CAAGCAGAAGACGGCATACGAGAT GCTTAGATGTAG AGTCAGTCAG CC GGACTACHVGGGTWTCTAAT        806rcbc392,GCTTAGATGTAG,AATGATACGGCGACCACCGAGATCTACACGCCTCCCTCGCGCCATCAGAGATGTG,469103,T2,Kylie
24,457.0,598.0,12556.0,0.0,25.0,0.0,12.0,0.0,4,65.0,CAAGCAGAAGACGGCATACGAGAT ACTTCCAACTTC AGTCAGTCAG CC GGACTACHVGGGTWTCTAAT        806rcbc65,ACTTCCAACTTC,AATGATACGGCGACCACCGAGATCTACACGCCTCCCTCGCGCCATCAGAGATGTG,369116,T2,Kylie
240,2109.0,14808.0,34256.0,24.0,0.0,0.0,0.0,0.0,220,393.0,CAAGCAGAAGACGGCATACGAGAT AAGACGTAGCGG AGTCAGTCAG CC GGACTACHVGGGTWTCTAAT        806rcbc393,AAGACGTAGCGG,AATGATACGGCGACCACCGAGATCTACACGCCTCCCTCGCGCCATCAGAGATGTG,369108,T2,Kylie
241,14588.0,5749.0,23376.0,0.0,0.0,0.0,70.0,0.0,221,394.0,CAAGCAGAAGACGGCATACGAGAT TTACCTTACACC AGTCAGTCAG CC GGACTACHVGGGTWTCTAAT        806rcbc394,TTACCTTACACC,AATGATACGGCGACCACCGAGATCTACACGCCTCCCTCGCGCCATCAGAGATGTG,369123,T1,Kylie
242,413.0,8040.0,36880.0,21.0,21.0,0.0,5.0,0.0,222,395.0,CAAGCAGAAGACGGCATACGAGAT TGACTAATGGCC AGTCAGTCAG CC GGACTACHVGGGTWTCTAAT        806rcbc395,TGACTAATGGCC,AATGATACGGCGACCACCGAGATCTACACGCCTCCCTCGCGCCATCAGAGATGTG,469049,T1,Kylie
243,2149.0,563.0,7243.0,77.0,10.0,0.0,26.0,0.0,223,396.0,CAAGCAGAAGACGGCATACGAGAT CTCTCTCACTTG AGTCAGTCAG CC GGACTACHVGGGTWTCTAAT        806rcbc396,CTCTCTCACTTG,AATGATACGGCGACCACCGAGATCTACACGCCTCCCTCGCGCCATCAGAGATGTG,369041,T1,Kylie
244,557.0,4134.0,13350.0,18.0,5.0,0.0,0.0,0.0,224,397.0,CAAGCAGAAGACGGCATACGAGAT ATTGCAAGCAAC AGTCAGTCAG CC GGACTACHVGGGTWTCTAAT        806rcbc397,ATTGCAAGCAAC,AATGATACGGCGACCACCGAGATCTACACGCCTCCCTCGCGCCATCAGAGATGTG,369030,T1,Kylie
245,468.0,1362.0,14527.0,21.0,115.0,9.0,5.0,0.0,225,398.0,CAAGCAGAAGACGGCATACGAGAT CACGTGACATGT AGTCAGTCAG CC GGACTACHVGGGTWTCTAAT        806rcbc398,CACGTGACATGT,AATGATACGGCGACCACCGAGATCTACACGCCTCCCTCGCGCCATCAGAGATGTG,469071,HC,Kylie
246,1503.0,6504.0,27045.0,23.0,332.0,0.0,77.0,0.0,226,399.0,CAAGCAGAAGACGGCATACGAGAT CACAGTTGAAGT AGTCAGTCAG CC GGACTACHVGGGTWTCTAAT        806rcbc399,CACAGTTGAAGT,AATGATACGGCGACCACCGAGATCTACACGCCTCCCTCGCGCCATCAGAGATGTG,369052,T1,Kylie
247,2167.0,1355.0,9186.0,96.0,0.0,0.0,21.0,0.0,227,400.0,CAAGCAGAAGACGGCATACGAGAT CTAGGATCACTG AGTCAGTCAG CC GGACTACHVGGGTWTCTAAT        806rcbc400,CTAGGATCACTG,AATGATACGGCGACCACCGAGATCTACACGCCTCCCTCGCGCCATCAGAGATGTG,369038,T1,Kylie
248,3214.0,4407.0,26903.0,2.0,0.0,0.0,41.0,0.0,228,1.0,CAAGCAGAAGACGGCATACGAGAT ACGAGACTGATT AGTCAGTCAG CC GGACTACHVGGGTWTCTAAT        806rcbc1,ACGAGACTGATT,AATGATACGGCGACCACCGAGATCTACACGCCTCCCTCGCGCCATCAGAGATGTG,469011,T2,Kylie
249,171.0,2880.0,13279.0,22.0,41.0,110.0,0.0,0.0,229,3.0,CAAGCAGAAGACGGCATACGAGAT ATCACCAGGTGT AGTCAGTCAG CC GGACTACHVGGGTWTCTAAT        806rcbc3,ATCACCAGGTGT,AATGATACGGCGACCACCGAGATCTACACGCCTCCCTCGCGCCATCAGAGATGTG,369092,HC,Kylie
25,1156.0,3991.0,14084.0,32.0,356.0,251.0,122.0,9.0,5,68.0,CAAGCAGAAGACGGCATACGAGAT CCACAGATCGAT AGTCAGTCAG CC GGACTACHVGGGTWTCTAAT        806rcbc68,CCACAGATCGAT,AATGATACGGCGACCACCGAGATCTACACGCCTCCCTCGCGCCATCAGAGATGTG,369111,HC,Kylie
250,2231.0,3234.0,16533.0,38.0,8.0,0.0,10.0,0.0,230,4.0,CAAGCAGAAGACGGCATACGAGAT TGGTCAACGATA AGTCAGTCAG CC GGACTACHVGGGTWTCTAAT        806rcbc4,TGGTCAACGATA,AATGATACGGCGACCACCGAGATCTACACGCCTCCCTCGCGCCATCAGAGATGTG,469011,T1,Kylie
251,1769.0,310.0,16709.0,12.0,7.0,0.0,0.0,0.0,231,5.0,CAAGCAGAAGACGGCATACGAGAT ATCGCACAGTAA AGTCAGTCAG CC GGACTACHVGGGTWTCTAAT        806rcbc5,ATCGCACAGTAA,AATGATACGGCGACCACCGAGATCTACACGCCTCCCTCGCGCCATCAGAGATGTG,469034,T2,Kylie
252,862.0,993.0,9468.0,103.0,819.0,7.0,19.0,0.0,232,6.0,CAAGCAGAAGACGGCATACGAGAT GTCGTGTAGCCT AGTCAGTCAG CC GGACTACHVGGGTWTCTAAT        806rcbc6,GTCGTGTAGCCT,AATGATACGGCGACCACCGAGATCTACACGCCTCCCTCGCGCCATCAGAGATGTG,469107,T1,Kylie
253,260.0,267.0,4739.0,19.0,0.0,0.0,2.0,0.0,233,9.0,CAAGCAGAAGACGGCATACGAGAT TACAGCGCATAC AGTCAGTCAG CC GGACTACHVGGGTWTCTAAT        806rcbc9,TACAGCGCATAC,AATGATACGGCGACCACCGAGATCTACACGCCTCCCTCGCGCCATCAGAGATGTG,369036,T2,Kylie
254,767.0,1877.0,15677.0,36.0,6499.0,0.0,25.0,411.0,234,11.0,CAAGCAGAAGACGGCATACGAGAT AATTGTGTCGGA AGTCAGTCAG CC GGACTACHVGGGTWTCTAAT        806rcbc11,AATTGTGTCGGA,AATGATACGGCGACCACCGAGATCTACACGCCTCCCTCGCGCCATCAGAGATGTG,705,T1,Kylie
255,7961.0,617.0,9548.0,0.0,0.0,0.0,0.0,0.0,235,12.0,CAAGCAGAAGACGGCATACGAGAT TGCATACACTGG AGTCAGTCAG CC GGACTACHVGGGTWTCTAAT        806rcbc12,TGCATACACTGG,AATGATACGGCGACCACCGAGATCTACACGCCTCCCTCGCGCCATCAGAGATGTG,469027,T2,Kylie
256,817.0,10336.0,13930.0,5.0,0.0,0.0,24.0,0.0,236,13.0,CAAGCAGAAGACGGCATACGAGAT AGTCGAACGAGG AGTCAGTCAG CC GGACTACHVGGGTWTCTAAT        806rcbc13,AGTCGAACGAGG,AATGATACGGCGACCACCGAGATCTACACGCCTCCCTCGCGCCATCAGAGATGTG,369056,HC,Kylie
257,139.0,1543.0,3747.0,10.0,4.0,0.0,0.0,0.0,237,14.0,CAAGCAGAAGACGGCATACGAGAT ACCAGTGACTCA AGTCAGTCAG CC GGACTACHVGGGTWTCTAAT        806rcbc14,ACCAGTGACTCA,AATGATACGGCGACCACCGAGATCTACACGCCTCCCTCGCGCCATCAGAGATGTG,369109,T2,Kylie
258,601.0,7659.0,16092.0,4.0,0.0,0.0,26.0,0.0,238,16.0,CAAGCAGAAGACGGCATACGAGAT GTAGATCGTGTA AGTCAGTCAG CC GGACTACHVGGGTWTCTAAT        806rcbc16,GTAGATCGTGTA,AATGATACGGCGACCACCGAGATCTACACGCCTCCCTCGCGCCATCAGAGATGTG,369077,T2,Kylie
259,1953.0,6372.0,35711.0,265.0,11.0,0.0,22.0,0.0,239,17.0,CAAGCAGAAGACGGCATACGAGAT TAACGTGTGTGC AGTCAGTCAG CC GGACTACHVGGGTWTCTAAT        806rcbc17,TAACGTGTGTGC,AATGATACGGCGACCACCGAGATCTACACGCCTCCCTCGCGCCATCAGAGATGTG,369071,HC,Kylie
26,2829.0,406.0,19628.0,0.0,0.0,0.0,0.0,0.0,6,70.0,CAAGCAGAAGACGGCATACGAGAT GATTCCGGCTCA AGTCAGTCAG CC GGACTACHVGGGTWTCTAAT        806rcbc70,GATTCCGGCTCA,AATGATACGGCGACCACCGAGATCTACACGCCTCCCTCGCGCCATCAGAGATGTG,469033,T2,Kylie
260,433.0,5094.0,17323.0,16.0,4.0,0.0,0.0,0.0,240,18.0,CAAGCAGAAGACGGCATACGAGAT CATTATGGCGTG AGTCAGTCAG CC GGACTACHVGGGTWTCTAAT        806rcbc18,CATTATGGCGTG,AATGATACGGCGACCACCGAGATCTACACGCCTCCCTCGCGCCATCAGAGATGTG,369077,T1,Kylie
261,56.0,5061.0,7180.0,4.0,527.0,0.0,2.0,0.0,241,19.0,CAAGCAGAAGACGGCATACGAGAT CCAATACGCCTG AGTCAGTCAG CC GGACTACHVGGGTWTCTAAT        806rcbc19,CCAATACGCCTG,AATGATACGGCGACCACCGAGATCTACACGCCTCCCTCGCGCCATCAGAGATGTG,369013,HC,Kylie
262,547.0,395.0,16345.0,4.0,161.0,113.0,3.0,0.0,242,20.0,CAAGCAGAAGACGGCATACGAGAT GATCTGCGATCC AGTCAGTCAG CC GGACTACHVGGGTWTCTAAT        806rcbc20,GATCTGCGATCC,AATGATACGGCGACCACCGAGATCTACACGCCTCCCTCGCGCCATCAGAGATGTG,469053,HC,Kylie
263,30.0,1756.0,6829.0,0.0,0.0,0.0,0.0,0.0,243,21.0,CAAGCAGAAGACGGCATACGAGAT CAGCTCATCAGC AGTCAGTCAG CC GGACTACHVGGGTWTCTAAT        806rcbc21,CAGCTCATCAGC,AATGATACGGCGACCACCGAGATCTACACGCCTCCCTCGCGCCATCAGAGATGTG,369127,HC,Kylie
264,3388.0,1759.0,17046.0,9.0,6.0,0.0,0.0,0.0,244,22.0,CAAGCAGAAGACGGCATACGAGAT CAAACAACAGCT AGTCAGTCAG CC GGACTACHVGGGTWTCTAAT        806rcbc22,CAAACAACAGCT,AATGATACGGCGACCACCGAGATCTACACGCCTCCCTCGCGCCATCAGAGATGTG,369076,T2,Kylie
265,304.0,5067.0,9603.0,15.0,0.0,169.0,0.0,0.0,245,23.0,CAAGCAGAAGACGGCATACGAGAT GCAACACCATCC AGTCAGTCAG CC GGACTACHVGGGTWTCTAAT        806rcbc23,GCAACACCATCC,AATGATACGGCGACCACCGAGATCTACACGCCTCCCTCGCGCCATCAGAGATGTG,369125,HC,Kylie
266,5579.0,344.0,14906.0,57.0,4.0,0.0,3.0,0.0,246,24.0,CAAGCAGAAGACGGCATACGAGAT GCGATATATCGC AGTCAGTCAG CC GGACTACHVGGGTWTCTAAT        806rcbc24,GCGATATATCGC,AATGATACGGCGACCACCGAGATCTACACGCCTCCCTCGCGCCATCAGAGATGTG,469044,T1,Kylie
267,50.0,5763.0,15732.0,63.0,0.0,0.0,0.0,0.0,247,25.0,CAAGCAGAAGACGGCATACGAGAT CGAGCAATCCTA AGTCAGTCAG CC GGACTACHVGGGTWTCTAAT        806rcbc25,CGAGCAATCCTA,AATGATACGGCGACCACCGAGATCTACACGCCTCCCTCGCGCCATCAGAGATGTG,369066,HC,Kylie
268,518.0,285.0,3372.0,19.0,85.0,0.0,0.0,0.0,248,26.0,CAAGCAGAAGACGGCATACGAGAT AGTCGTGCACAT AGTCAGTCAG CC GGACTACHVGGGTWTCTAAT        806rcbc26,AGTCGTGCACAT,AATGATACGGCGACCACCGAGATCTACACGCCTCCCTCGCGCCATCAGAGATGTG,469050,T1,Kylie
269,3434.0,5359.0,11842.0,10.0,437.0,0.0,73.0,0.0,249,27.0,CAAGCAGAAGACGGCATACGAGAT GTATCTGCGCGT AGTCAGTCAG CC GGACTACHVGGGTWTCTAAT        806rcbc27,GTATCTGCGCGT,AATGATACGGCGACCACCGAGATCTACACGCCTCCCTCGCGCCATCAGAGATGTG,369002,HC,Kylie
27,5276.0,2600.0,14806.0,0.0,0.0,0.0,0.0,0.0,7,71.0,CAAGCAGAAGACGGCATACGAGAT CGTAATTGCCGC AGTCAGTCAG CC GGACTACHVGGGTWTCTAAT        806rcbc71,CGTAATTGCCGC,AATGATACGGCGACCACCGAGATCTACACGCCTCCCTCGCGCCATCAGAGATGTG,469020,T2,Kylie
270,1820.0,426.0,13817.0,101.0,50.0,0.0,0.0,0.0,250,28.0,CAAGCAGAAGACGGCATACGAGAT CGAGGGAAAGTC AGTCAGTCAG CC GGACTACHVGGGTWTCTAAT        806rcbc28,CGAGGGAAAGTC,AATGATACGGCGACCACCGAGATCTACACGCCTCCCTCGCGCCATCAGAGATGTG,369103,HC,Kylie
271,489.0,137.0,2886.0,0.0,117.0,0.0,0.0,0.0,251,29.0,CAAGCAGAAGACGGCATACGAGAT CAAATTCGGGAT AGTCAGTCAG CC GGACTACHVGGGTWTCTAAT        806rcbc29,CAAATTCGGGAT,AATGATACGGCGACCACCGAGATCTACACGCCTCCCTCGCGCCATCAGAGATGTG,469024,T1,Kylie
272,3407.0,24.0,2653.0,1821.0,0.0,0.0,0.0,0.0,252,30.0,CAAGCAGAAGACGGCATACGAGAT AGATTGACCAAC AGTCAGTCAG CC GGACTACHVGGGTWTCTAAT        806rcbc30,AGATTGACCAAC,AATGATACGGCGACCACCGAGATCTACACGCCTCCCTCGCGCCATCAGAGATGTG,469034,T1,Kylie
273,39.0,117.0,9771.0,4.0,9.0,0.0,0.0,0.0,253,31.0,CAAGCAGAAGACGGCATACGAGAT AGTTACGAGCTA AGTCAGTCAG CC GGACTACHVGGGTWTCTAAT        806rcbc31,AGTTACGAGCTA,AATGATACGGCGACCACCGAGATCTACACGCCTCCCTCGCGCCATCAGAGATGTG,469019,T2,Kylie
274,101.0,5961.0,15041.0,15.0,9.0,0.0,5.0,0.0,254,32.0,CAAGCAGAAGACGGCATACGAGAT GCATATGCACTG AGTCAGTCAG CC GGACTACHVGGGTWTCTAAT        806rcbc32,GCATATGCACTG,AATGATACGGCGACCACCGAGATCTACACGCCTCCCTCGCGCCATCAGAGATGTG,369049,HC,Kylie
275,4149.0,396.0,7180.0,0.0,0.0,0.0,0.0,0.0,255,33.0,CAAGCAGAAGACGGCATACGAGAT CAACTCCCGTGA AGTCAGTCAG CC GGACTACHVGGGTWTCTAAT        806rcbc33,CAACTCCCGTGA,AATGATACGGCGACCACCGAGATCTACACGCCTCCCTCGCGCCATCAGAGATGTG,469016,T2,Kylie
276,1747.0,2847.0,12966.0,139.0,177.0,0.0,27.0,0.0,256,34.0,CAAGCAGAAGACGGCATACGAGAT TTGCGTTAGCAG AGTCAGTCAG CC GGACTACHVGGGTWTCTAAT        806rcbc34,TTGCGTTAGCAG,AATGATACGGCGACCACCGAGATCTACACGCCTCCCTCGCGCCATCAGAGATGTG,369093,HC,Kylie
277,221.0,879.0,17290.0,5.0,9.0,2.0,0.0,0.0,257,35.0,CAAGCAGAAGACGGCATACGAGAT TACGAGCCCTAA AGTCAGTCAG CC GGACTACHVGGGTWTCTAAT        806rcbc35,TACGAGCCCTAA,AATGATACGGCGACCACCGAGATCTACACGCCTCCCTCGCGCCATCAGAGATGTG,369030,T2,Kylie
278,1830.0,3584.0,14572.0,27.0,36.0,0.0,0.0,0.0,258,36.0,CAAGCAGAAGACGGCATACGAGAT CACTACGCTAGA AGTCAGTCAG CC GGACTACHVGGGTWTCTAAT        806rcbc36,CACTACGCTAGA,AATGATACGGCGACCACCGAGATCTACACGCCTCCCTCGCGCCATCAGAGATGTG,721,T2,Kylie
279,877.0,2832.0,20879.0,126.0,11.0,0.0,17.0,0.0,259,37.0,CAAGCAGAAGACGGCATACGAGAT TGCAGTCCTCGA AGTCAGTCAG CC GGACTACHVGGGTWTCTAAT        806rcbc37,TGCAGTCCTCGA,AATGATACGGCGACCACCGAGATCTACACGCCTCCCTCGCGCCATCAGAGATGTG,369074,T1,Kylie
28,5168.0,11247.0,14342.0,106.0,105.0,0.0,11.0,54.0,8,74.0,CAAGCAGAAGACGGCATACGAGAT TAGGCATGCTTG AGTCAGTCAG CC GGACTACHVGGGTWTCTAAT        806rcbc74,TAGGCATGCTTG,AATGATACGGCGACCACCGAGATCTACACGCCTCCCTCGCGCCATCAGAGATGTG,369098,HC,Kylie
280,220.0,5509.0,7741.0,12.0,1259.0,30.0,4.0,0.0,260,38.0,CAAGCAGAAGACGGCATACGAGAT ACCATAGCTCCG AGTCAGTCAG CC GGACTACHVGGGTWTCTAAT        806rcbc38,ACCATAGCTCCG,AATGATACGGCGACCACCGAGATCTACACGCCTCCCTCGCGCCATCAGAGATGTG,369132,HC,Kylie
281,4867.0,4299.0,17082.0,35.0,8.0,0.0,10.0,0.0,261,39.0,CAAGCAGAAGACGGCATACGAGAT TCGACATCTCTT AGTCAGTCAG CC GGACTACHVGGGTWTCTAAT        806rcbc39,TCGACATCTCTT,AATGATACGGCGACCACCGAGATCTACACGCCTCCCTCGCGCCATCAGAGATGTG,369091,T2,Kylie
282,123.0,179.0,5506.0,8.0,4.0,0.0,0.0,0.0,262,40.0,CAAGCAGAAGACGGCATACGAGAT GAACACTTTGGA AGTCAGTCAG CC GGACTACHVGGGTWTCTAAT        806rcbc40,GAACACTTTGGA,AATGATACGGCGACCACCGAGATCTACACGCCTCCCTCGCGCCATCAGAGATGTG,469031,T2,Kylie
283,197.0,639.0,13671.0,5.0,2011.0,218.0,0.0,0.0,263,41.0,CAAGCAGAAGACGGCATACGAGAT GAGCCATCTGTA AGTCAGTCAG CC GGACTACHVGGGTWTCTAAT        806rcbc41,GAGCCATCTGTA,AATGATACGGCGACCACCGAGATCTACACGCCTCCCTCGCGCCATCAGAGATGTG,369087,T1,Kylie
284,69.0,136.0,1423.0,32.0,4.0,3.0,0.0,0.0,264,42.0,CAAGCAGAAGACGGCATACGAGAT TTGGGTACACGT AGTCAGTCAG CC GGACTACHVGGGTWTCTAAT        806rcbc42,TTGGGTACACGT,AATGATACGGCGACCACCGAGATCTACACGCCTCCCTCGCGCCATCAGAGATGTG,469041,T1,Kylie
285,481.0,569.0,5097.0,62.0,4.0,0.0,0.0,0.0,265,43.0,CAAGCAGAAGACGGCATACGAGAT AAGGCGCTCCTT AGTCAGTCAG CC GGACTACHVGGGTWTCTAAT        806rcbc43,AAGGCGCTCCTT,AATGATACGGCGACCACCGAGATCTACACGCCTCCCTCGCGCCATCAGAGATGTG,369129,HC,Kylie
286,1028.0,1257.0,11054.0,41.0,2614.0,0.0,8.0,0.0,266,45.0,CAAGCAGAAGACGGCATACGAGAT TCGGAATTAGAC AGTCAGTCAG CC GGACTACHVGGGTWTCTAAT        806rcbc45,TCGGAATTAGAC,AATGATACGGCGACCACCGAGATCTACACGCCTCCCTCGCGCCATCAGAGATGTG,469008,T1,Kylie
287,6784.0,25.0,9219.0,17.0,0.0,3.0,0.0,0.0,267,47.0,CAAGCAGAAGACGGCATACGAGAT CATTCGTGGCGT AGTCAGTCAG CC GGACTACHVGGGTWTCTAAT        806rcbc47,CATTCGTGGCGT,AATGATACGGCGACCACCGAGATCTACACGCCTCCCTCGCGCCATCAGAGATGTG,711,T2,Kylie
288,1667.0,2526.0,14044.0,59.0,1429.0,3.0,63.0,0.0,268,50.0,CAAGCAGAAGACGGCATACGAGAT GATGTTCGCTAG AGTCAGTCAG CC GGACTACHVGGGTWTCTAAT        806rcbc50,GATGTTCGCTAG,AATGATACGGCGACCACCGAGATCTACACGCCTCCCTCGCGCCATCAGAGATGTG,369119,T1,Kylie
289,178.0,1617.0,7278.0,181.0,32.0,0.0,0.0,0.0,269,51.0,CAAGCAGAAGACGGCATACGAGAT CTATCTCCTGTC AGTCAGTCAG CC GGACTACHVGGGTWTCTAAT        806rcbc51,CTATCTCCTGTC,AATGATACGGCGACCACCGAGATCTACACGCCTCCCTCGCGCCATCAGAGATGTG,369126,HC,Kylie
29,250.0,2480.0,15574.0,118.0,223.0,394.0,5.0,14.0,9,75.0,CAAGCAGAAGACGGCATACGAGAT AACTAGTTCAGG AGTCAGTCAG CC GGACTACHVGGGTWTCTAAT        806rcbc75,AACTAGTTCAGG,AATGATACGGCGACCACCGAGATCTACACGCCTCCCTCGCGCCATCAGAGATGTG,369054,HC,Kylie
290,1711.0,4995.0,8028.0,6.0,1191.0,0.0,0.0,0.0,270,52.0,CAAGCAGAAGACGGCATACGAGAT ACTCACAGGAAT AGTCAGTCAG CC GGACTACHVGGGTWTCTAAT        806rcbc52,ACTCACAGGAAT,AATGATACGGCGACCACCGAGATCTACACGCCTCCCTCGCGCCATCAGAGATGTG,369085,T1,Kylie
291,7104.0,1248.0,9919.0,27.0,0.0,0.0,0.0,0.0,271,54.0,CAAGCAGAAGACGGCATACGAGAT GTCGACAGAGGA AGTCAGTCAG CC GGACTACHVGGGTWTCTAAT        806rcbc54,GTCGACAGAGGA,AATGATACGGCGACCACCGAGATCTACACGCCTCCCTCGCGCCATCAGAGATGTG,713,T1,Kylie
292,2316.0,429.0,10930.0,0.0,2.0,0.0,0.0,0.0,272,55.0,CAAGCAGAAGACGGCATACGAGAT TGTCGCAAATAG AGTCAGTCAG CC GGACTACHVGGGTWTCTAAT        806rcbc55,TGTCGCAAATAG,AATGATACGGCGACCACCGAGATCTACACGCCTCCCTCGCGCCATCAGAGATGTG,369115,HC,Kylie
293,7906.0,231.0,8399.0,13.0,4.0,0.0,0.0,0.0,273,57.0,CAAGCAGAAGACGGCATACGAGAT TATACCGCTGCG AGTCAGTCAG CC GGACTACHVGGGTWTCTAAT        806rcbc57,TATACCGCTGCG,AATGATACGGCGACCACCGAGATCTACACGCCTCCCTCGCGCCATCAGAGATGTG,469039,T2,Kylie
294,5904.0,415.0,14051.0,13.0,91.0,11.0,4.0,0.0,274,58.0,CAAGCAGAAGACGGCATACGAGAT AGTTGAGGCATT AGTCAGTCAG CC GGACTACHVGGGTWTCTAAT        806rcbc58,AGTTGAGGCATT,AATGATACGGCGACCACCGAGATCTACACGCCTCCCTCGCGCCATCAGAGATGTG,469022,T2,Kylie
295,398.0,1822.0,18595.0,1615.0,72.0,6.0,0.0,0.0,275,59.0,CAAGCAGAAGACGGCATACGAGAT ACAATAGACACC AGTCAGTCAG CC GGACTACHVGGGTWTCTAAT        806rcbc59,ACAATAGACACC,AATGATACGGCGACCACCGAGATCTACACGCCTCCCTCGCGCCATCAGAGATGTG,369076,T1,Kylie
296,1589.0,2956.0,14174.0,18.0,350.0,0.0,0.0,0.0,276,78.0,CAAGCAGAAGACGGCATACGAGAT GTACGATATGAC AGTCAGTCAG CC GGACTACHVGGGTWTCTAAT        806rcbc78,GTACGATATGAC,AATGATACGGCGACCACCGAGATCTACACGCCTCCCTCGCGCCATCAGAGATGTG,469073,HC,Kylie
297,55.0,235.0,17917.0,50.0,0.0,0.0,17.0,0.0,277,79.0,CAAGCAGAAGACGGCATACGAGAT GTGGTGGTTTCC AGTCAGTCAG CC GGACTACHVGGGTWTCTAAT        806rcbc79,GTGGTGGTTTCC,AATGATACGGCGACCACCGAGATCTACACGCCTCCCTCGCGCCATCAGAGATGTG,369113,HC,Kylie
298,0.0,2887.0,14144.0,10.0,0.0,0.0,0.0,0.0,278,80.0,CAAGCAGAAGACGGCATACGAGAT TAGTATGCGCAA AGTCAGTCAG CC GGACTACHVGGGTWTCTAAT        806rcbc80,TAGTATGCGCAA,AATGATACGGCGACCACCGAGATCTACACGCCTCCCTCGCGCCATCAGAGATGTG,369033,HC,Kylie
299,348.0,9920.0,6549.0,173.0,0.0,0.0,24.0,0.0,279,81.0,CAAGCAGAAGACGGCATACGAGAT TGCGCTGAATGT AGTCAGTCAG CC GGACTACHVGGGTWTCTAAT        806rcbc81,TGCGCTGAATGT,AATGATACGGCGACCACCGAGATCTACACGCCTCCCTCGCGCCATCAGAGATGTG,469112,T2,Kylie
30,15.0,649.0,16661.0,6.0,0.0,82.0,3.0,0.0,10,76.0,CAAGCAGAAGACGGCATACGAGAT ATTCTGCCGAAG AGTCAGTCAG CC GGACTACHVGGGTWTCTAAT        806rcbc76,ATTCTGCCGAAG,AATGATACGGCGACCACCGAGATCTACACGCCTCCCTCGCGCCATCAGAGATGTG,369081,T1,Kylie
300,852.0,722.0,21041.0,4.0,34.0,0.0,32.0,0.0,280,82.0,CAAGCAGAAGACGGCATACGAGAT ATGGCTGTCAGT AGTCAGTCAG CC GGACTACHVGGGTWTCTAAT        806rcbc82,ATGGCTGTCAGT,AATGATACGGCGACCACCGAGATCTACACGCCTCCCTCGCGCCATCAGAGATGTG,469056,HC,Kylie
301,380.0,8863.0,10314.0,155.0,0.0,0.0,0.0,0.0,281,83.0,CAAGCAGAAGACGGCATACGAGAT GTTCTCTTCTCG AGTCAGTCAG CC GGACTACHVGGGTWTCTAAT        806rcbc83,GTTCTCTTCTCG,AATGATACGGCGACCACCGAGATCTACACGCCTCCCTCGCGCCATCAGAGATGTG,369012,HC,Kylie
302,1389.0,135.0,22049.0,229.0,0.0,0.0,0.0,0.0,282,84.0,CAAGCAGAAGACGGCATACGAGAT CGTAAGATGCCT AGTCAGTCAG CC GGACTACHVGGGTWTCTAAT        806rcbc84,CGTAAGATGCCT,AATGATACGGCGACCACCGAGATCTACACGCCTCCCTCGCGCCATCAGAGATGTG,369010,HC,Kylie
303,931.0,2967.0,4193.0,29.0,0.0,0.0,5.0,0.0,283,85.0,CAAGCAGAAGACGGCATACGAGAT GCGTTCTAGCTG AGTCAGTCAG CC GGACTACHVGGGTWTCTAAT        806rcbc85,GCGTTCTAGCTG,AATGATACGGCGACCACCGAGATCTACACGCCTCCCTCGCGCCATCAGAGATGTG,719,T1,Kylie
304,0.0,1904.0,2603.0,0.0,0.0,0.0,0.0,0.0,284,87.0,CAAGCAGAAGACGGCATACGAGAT GGACTTCCAGCT AGTCAGTCAG CC GGACTACHVGGGTWTCTAAT        806rcbc87,GGACTTCCAGCT,AATGATACGGCGACCACCGAGATCTACACGCCTCCCTCGCGCCATCAGAGATGTG,469080,HC,Kylie
305,6152.0,2599.0,8318.0,54.0,25.0,10.0,0.0,0.0,285,88.0,CAAGCAGAAGACGGCATACGAGAT CTCACAACCGTG AGTCAGTCAG CC GGACTACHVGGGTWTCTAAT        806rcbc88,CTCACAACCGTG,AATGATACGGCGACCACCGAGATCTACACGCCTCCCTCGCGCCATCAGAGATGTG,369001,HC,Kylie
306,590.0,4609.0,11859.0,3.0,0.0,0.0,57.0,0.0,286,91.0,CAAGCAGAAGACGGCATACGAGAT TGTAACGCCGAT AGTCAGTCAG CC GGACTACHVGGGTWTCTAAT        806rcbc91,TGTAACGCCGAT,AATGATACGGCGACCACCGAGATCTACACGCCTCCCTCGCGCCATCAGAGATGTG,369048,T2,Kylie
307,535.0,4768.0,9574.0,0.0,525.0,0.0,2.0,0.0,287,92.0,CAAGCAGAAGACGGCATACGAGAT AGCAGAACATCT AGTCAGTCAG CC GGACTACHVGGGTWTCTAAT        806rcbc92,AGCAGAACATCT,AATGATACGGCGACCACCGAGATCTACACGCCTCCCTCGCGCCATCAGAGATGTG,469103,T1,Kylie
308,3390.0,102.0,15527.0,68.0,104.0,133.0,46.0,0.0,288,93.0,CAAGCAGAAGACGGCATACGAGAT TGGAGTAGGTGG AGTCAGTCAG CC GGACTACHVGGGTWTCTAAT        806rcbc93,TGGAGTAGGTGG,AATGATACGGCGACCACCGAGATCTACACGCCTCCCTCGCGCCATCAGAGATGTG,469074,HC,Kylie
31,3434.0,9697.0,6342.0,126.0,1569.0,0.0,0.0,0.0,11,77.0,CAAGCAGAAGACGGCATACGAGAT AGCATGTCCCGT AGTCAGTCAG CC GGACTACHVGGGTWTCTAAT        806rcbc77,AGCATGTCCCGT,AATGATACGGCGACCACCGAGATCTACACGCCTCCCTCGCGCCATCAGAGATGTG,722,T1,Kylie
310,343.0,2985.0,3979.0,3.0,0.0,0.0,0.0,0.0,290,95.0,CAAGCAGAAGACGGCATACGAGAT GATCCCACGTAC AGTCAGTCAG CC GGACTACHVGGGTWTCTAAT        806rcbc95,GATCCCACGTAC,AATGATACGGCGACCACCGAGATCTACACGCCTCCCTCGCGCCATCAGAGATGTG,369008,HC,Kylie
311,1119.0,4194.0,13420.0,3.0,165.0,219.0,9.0,45.0,291,155.0,CAAGCAGAAGACGGCATACGAGAT TCAGTTCTCGTT AGTCAGTCAG CC GGACTACHVGGGTWTCTAAT        806rcbc155,TCAGTTCTCGTT,AATGATACGGCGACCACCGAGATCTACACGCCTCCCTCGCGCCATCAGAGATGTG,369079,HC,Kylie
312,1156.0,3728.0,21042.0,31.0,9.0,0.0,62.0,0.0,292,156.0,CAAGCAGAAGACGGCATACGAGAT TCGTGCGTGTTG AGTCAGTCAG CC GGACTACHVGGGTWTCTAAT        806rcbc156,TCGTGCGTGTTG,AATGATACGGCGACCACCGAGATCTACACGCCTCCCTCGCGCCATCAGAGATGTG,369119,T2,Kylie
313,2626.0,3814.0,15302.0,44.0,289.0,396.0,0.0,0.0,293,157.0,CAAGCAGAAGACGGCATACGAGAT GTTATCGCATGG AGTCAGTCAG CC GGACTACHVGGGTWTCTAAT        806rcbc157,GTTATCGCATGG,AATGATACGGCGACCACCGAGATCTACACGCCTCCCTCGCGCCATCAGAGATGTG,469104,T1,Kylie
314,2843.0,5575.0,11987.0,80.0,119.0,0.0,4.0,0.0,294,158.0,CAAGCAGAAGACGGCATACGAGAT GATCACGAGAGG AGTCAGTCAG CC GGACTACHVGGGTWTCTAAT        806rcbc158,GATCACGAGAGG,AATGATACGGCGACCACCGAGATCTACACGCCTCCCTCGCGCCATCAGAGATGTG,369091,T1,Kylie
316,141.0,199.0,2319.0,19.0,26.0,0.0,2.0,0.0,F1,96.0,CAAGCAGAAGACGGCATACGAGAT TACCGCTTCTTC AGTCAGTCAG CC GGACTACHVGGGTWTCTAAT        806rcbc96,TACCGCTTCTTC,AATGATACGGCGACCACCGAGATCTACACGCCTCCCTCGCGCCATCAGAGATGTG,769051,HC,Kylie
317,4400.0,269.0,18277.0,208.0,496.0,0.0,0.0,0.0,F10,106.0,CAAGCAGAAGACGGCATACGAGAT TCTTGGAGGTCA AGTCAGTCAG CC GGACTACHVGGGTWTCTAAT        806rcbc106,TCTTGGAGGTCA,AATGATACGGCGACCACCGAGATCTACACGCCTCCCTCGCGCCATCAGAGATGTG,769062,HC,Kylie
318,4637.0,1136.0,16175.0,6.0,0.0,0.0,0.0,0.0,F11,107.0,CAAGCAGAAGACGGCATACGAGAT TCACCTCCTTGT AGTCAGTCAG CC GGACTACHVGGGTWTCTAAT        806rcbc107,TCACCTCCTTGT,AATGATACGGCGACCACCGAGATCTACACGCCTCCCTCGCGCCATCAGAGATGTG,769063,HC,Kylie
319,1610.0,2504.0,16312.0,1880.0,0.0,0.0,0.0,0.0,F12,108.0,CAAGCAGAAGACGGCATACGAGAT GCACACCTGATA AGTCAGTCAG CC GGACTACHVGGGTWTCTAAT        806rcbc108,GCACACCTGATA,AATGATACGGCGACCACCGAGATCTACACGCCTCCCTCGCGCCATCAGAGATGTG,769064,HC,Kylie
320,1187.0,5388.0,14812.0,125.0,215.0,1175.0,0.0,0.0,F13,111.0,CAAGCAGAAGACGGCATACGAGAT AGCTGTCAAGCT AGTCAGTCAG CC GGACTACHVGGGTWTCTAAT        806rcbc111,AGCTGTCAAGCT,AATGATACGGCGACCACCGAGATCTACACGCCTCCCTCGCGCCATCAGAGATGTG,769065,HC,Kylie
321,151.0,3769.0,21316.0,6.0,371.0,0.0,0.0,0.0,F14,112.0,CAAGCAGAAGACGGCATACGAGAT GAGAGCAACAGA AGTCAGTCAG CC GGACTACHVGGGTWTCTAAT        806rcbc112,GAGAGCAACAGA,AATGATACGGCGACCACCGAGATCTACACGCCTCCCTCGCGCCATCAGAGATGTG,769066,HC,Kylie
322,1131.0,1597.0,14560.0,85.0,2018.0,0.0,5.0,0.0,F15,113.0,CAAGCAGAAGACGGCATACGAGAT TACTCGGGAACT AGTCAGTCAG CC GGACTACHVGGGTWTCTAAT        806rcbc113,TACTCGGGAACT,AATGATACGGCGACCACCGAGATCTACACGCCTCCCTCGCGCCATCAGAGATGTG,769067,HC,Kylie
323,469.0,3830.0,13561.0,2.0,9.0,175.0,0.0,0.0,F16,114.0,CAAGCAGAAGACGGCATACGAGAT CGTGCTTAGGCT AGTCAGTCAG CC GGACTACHVGGGTWTCTAAT        806rcbc114,CGTGCTTAGGCT,AATGATACGGCGACCACCGAGATCTACACGCCTCCCTCGCGCCATCAGAGATGTG,769068,HC,Kylie
324,4512.0,5378.0,11866.0,42.0,8.0,0.0,47.0,0.0,F17,115.0,CAAGCAGAAGACGGCATACGAGAT TACCGAAGGTAT AGTCAGTCAG CC GGACTACHVGGGTWTCTAAT        806rcbc115,TACCGAAGGTAT,AATGATACGGCGACCACCGAGATCTACACGCCTCCCTCGCGCCATCAGAGATGTG,769069,HC,Kylie
325,135.0,2358.0,16018.0,227.0,82.0,376.0,0.0,0.0,F18,116.0,CAAGCAGAAGACGGCATACGAGAT CACTCATCATTC AGTCAGTCAG CC GGACTACHVGGGTWTCTAAT        806rcbc116,CACTCATCATTC,AATGATACGGCGACCACCGAGATCTACACGCCTCCCTCGCGCCATCAGAGATGTG,769070,HC,Kylie
326,45.0,246.0,27524.0,84.0,0.0,0.0,0.0,0.0,F19,117.0,CAAGCAGAAGACGGCATACGAGAT GTATTTCGGACG AGTCAGTCAG CC GGACTACHVGGGTWTCTAAT        806rcbc117,GTATTTCGGACG,AATGATACGGCGACCACCGAGATCTACACGCCTCCCTCGCGCCATCAGAGATGTG,769071,HC,Kylie
327,7424.0,6896.0,15497.0,532.0,0.0,0.0,0.0,0.0,F2,97.0,CAAGCAGAAGACGGCATACGAGAT TGTGCGATAACA AGTCAGTCAG CC GGACTACHVGGGTWTCTAAT        806rcbc97,TGTGCGATAACA,AATGATACGGCGACCACCGAGATCTACACGCCTCCCTCGCGCCATCAGAGATGTG,769052,HC,Kylie
328,1641.0,4414.0,18575.0,10.0,0.0,0.0,0.0,0.0,F20,118.0,CAAGCAGAAGACGGCATACGAGAT TATCTATCCTGC AGTCAGTCAG CC GGACTACHVGGGTWTCTAAT        806rcbc118,TATCTATCCTGC,AATGATACGGCGACCACCGAGATCTACACGCCTCCCTCGCGCCATCAGAGATGTG,769072,HC,Kylie
329,464.0,3386.0,21104.0,37.0,6.0,0.0,0.0,0.0,F21,154.0,CAAGCAGAAGACGGCATACGAGAT CGTACTCTCGAG AGTCAGTCAG CC GGACTACHVGGGTWTCTAAT        806rcbc154,CGTACTCTCGAG,AATGATACGGCGACCACCGAGATCTACACGCCTCCCTCGCGCCATCAGAGATGTG,769074,HC,Kylie
330,2084.0,1758.0,14140.0,70.0,0.0,0.0,0.0,0.0,F22,120.0,CAAGCAGAAGACGGCATACGAGAT AGTAGCGGAAGA AGTCAGTCAG CC GGACTACHVGGGTWTCTAAT        806rcbc120,AGTAGCGGAAGA,AATGATACGGCGACCACCGAGATCTACACGCCTCCCTCGCGCCATCAGAGATGTG,769075,HC,Kylie
331,6814.0,279.0,20265.0,167.0,15.0,0.0,13.0,0.0,F23,121.0,CAAGCAGAAGACGGCATACGAGAT GCAATTAGGTAC AGTCAGTCAG CC GGACTACHVGGGTWTCTAAT        806rcbc121,GCAATTAGGTAC,AATGATACGGCGACCACCGAGATCTACACGCCTCCCTCGCGCCATCAGAGATGTG,769075,HC,Kylie
332,205.0,4978.0,26295.0,2.0,0.0,0.0,0.0,0.0,F24,122.0,CAAGCAGAAGACGGCATACGAGAT CATACCGTGAGT AGTCAGTCAG CC GGACTACHVGGGTWTCTAAT        806rcbc122,CATACCGTGAGT,AATGATACGGCGACCACCGAGATCTACACGCCTCCCTCGCGCCATCAGAGATGTG,769079,HC,Kylie
333,448.0,1565.0,19031.0,105.0,0.0,0.0,0.0,0.0,F25,124.0,CAAGCAGAAGACGGCATACGAGAT CCTGCGAAGTAT AGTCAGTCAG CC GGACTACHVGGGTWTCTAAT        806rcbc124,CCTGCGAAGTAT,AATGATACGGCGACCACCGAGATCTACACGCCTCCCTCGCGCCATCAGAGATGTG,769080,HC,Kylie
334,10471.0,1657.0,14309.0,1334.0,1771.0,2.0,112.0,0.0,F26,125.0,CAAGCAGAAGACGGCATACGAGAT TTCTCTCGACAT AGTCAGTCAG CC GGACTACHVGGGTWTCTAAT        806rcbc125,TTCTCTCGACAT,AATGATACGGCGACCACCGAGATCTACACGCCTCCCTCGCGCCATCAGAGATGTG,769001,T1,Kylie
335,343.0,1952.0,17980.0,1089.0,0.0,0.0,0.0,0.0,F27,126.0,CAAGCAGAAGACGGCATACGAGAT GCTCTCCGTAGA AGTCAGTCAG CC GGACTACHVGGGTWTCTAAT        806rcbc126,GCTCTCCGTAGA,AATGATACGGCGACCACCGAGATCTACACGCCTCCCTCGCGCCATCAGAGATGTG,769002,T1,Kylie
337,196.0,5009.0,9499.0,97.0,392.0,0.0,0.0,0.0,F29,128.0,CAAGCAGAAGACGGCATACGAGAT ATGCCATGCCGT AGTCAGTCAG CC GGACTACHVGGGTWTCTAAT        806rcbc128,ATGCCATGCCGT,AATGATACGGCGACCACCGAGATCTACACGCCTCCCTCGCGCCATCAGAGATGTG,769005,T1,Kylie
338,82.0,2635.0,12425.0,92.0,14.0,0.0,0.0,0.0,F3,98.0,CAAGCAGAAGACGGCATACGAGAT GATTATCGACGA AGTCAGTCAG CC GGACTACHVGGGTWTCTAAT        806rcbc98,GATTATCGACGA,AATGATACGGCGACCACCGAGATCTACACGCCTCCCTCGCGCCATCAGAGATGTG,769053,HC,Kylie
339,467.0,3541.0,13661.0,30.0,77.0,367.0,387.0,4.0,F30,129.0,CAAGCAGAAGACGGCATACGAGAT GACATTGTCACG AGTCAGTCAG CC GGACTACHVGGGTWTCTAAT        806rcbc129,GACATTGTCACG,AATGATACGGCGACCACCGAGATCTACACGCCTCCCTCGCGCCATCAGAGATGTG,769006,T1,Kylie
340,6724.0,667.0,17748.0,20.0,2183.0,352.0,26.0,0.0,F31,130.0,CAAGCAGAAGACGGCATACGAGAT GCCAACAACCAT AGTCAGTCAG CC GGACTACHVGGGTWTCTAAT        806rcbc130,GCCAACAACCAT,AATGATACGGCGACCACCGAGATCTACACGCCTCCCTCGCGCCATCAGAGATGTG,769007,T1,Kylie
341,459.0,7603.0,8442.0,0.0,0.0,0.0,0.0,0.0,F32,132.0,CAAGCAGAAGACGGCATACGAGAT TCCTCGAGCGAT AGTCAGTCAG CC GGACTACHVGGGTWTCTAAT        806rcbc132,TCCTCGAGCGAT,AATGATACGGCGACCACCGAGATCTACACGCCTCCCTCGCGCCATCAGAGATGTG,769009,T1,Kylie
342,3343.0,5763.0,5840.0,81.0,12255.0,0.0,5.0,0.0,F33,133.0,CAAGCAGAAGACGGCATACGAGAT ACCCAAGCGTTA AGTCAGTCAG CC GGACTACHVGGGTWTCTAAT        806rcbc133,ACCCAAGCGTTA,AATGATACGGCGACCACCGAGATCTACACGCCTCCCTCGCGCCATCAGAGATGTG,769013,T1,Kylie
343,932.0,4520.0,16858.0,288.0,2961.0,0.0,0.0,0.0,F34,134.0,CAAGCAGAAGACGGCATACGAGAT TGCAGCAAGATT AGTCAGTCAG CC GGACTACHVGGGTWTCTAAT        806rcbc134,TGCAGCAAGATT,AATGATACGGCGACCACCGAGATCTACACGCCTCCCTCGCGCCATCAGAGATGTG,769015,T1,Kylie
344,952.0,1587.0,11595.0,18.0,0.0,0.0,19.0,0.0,F35,135.0,CAAGCAGAAGACGGCATACGAGAT AGCAACATTGCA AGTCAGTCAG CC GGACTACHVGGGTWTCTAAT        806rcbc135,AGCAACATTGCA,AATGATACGGCGACCACCGAGATCTACACGCCTCCCTCGCGCCATCAGAGATGTG,769017,T1,Kylie
345,590.0,8737.0,8044.0,1575.0,6441.0,0.0,101.0,0.0,F36,136.0,CAAGCAGAAGACGGCATACGAGAT GATGTGGTGTTA AGTCAGTCAG CC GGACTACHVGGGTWTCTAAT        806rcbc136,GATGTGGTGTTA,AATGATACGGCGACCACCGAGATCTACACGCCTCCCTCGCGCCATCAGAGATGTG,769018,T1,Kylie
346,14672.0,1691.0,19202.0,237.0,0.0,0.0,0.0,0.0,F37,137.0,CAAGCAGAAGACGGCATACGAGAT CAGAAATGTGTC AGTCAGTCAG CC GGACTACHVGGGTWTCTAAT        806rcbc137,CAGAAATGTGTC,AATGATACGGCGACCACCGAGATCTACACGCCTCCCTCGCGCCATCAGAGATGTG,769020,T1,Kylie
347,3625.0,2268.0,15694.0,3494.0,0.0,0.0,50.0,0.0,F38,138.0,CAAGCAGAAGACGGCATACGAGAT GTAGAGGTAGAG AGTCAGTCAG CC GGACTACHVGGGTWTCTAAT        806rcbc138,GTAGAGGTAGAG,AATGATACGGCGACCACCGAGATCTACACGCCTCCCTCGCGCCATCAGAGATGTG,769001,T2,Kylie
348,118.0,3910.0,20879.0,0.0,0.0,0.0,0.0,0.0,F39,139.0,CAAGCAGAAGACGGCATACGAGAT CGTGATCCGCTA AGTCAGTCAG CC GGACTACHVGGGTWTCTAAT        806rcbc139,CGTGATCCGCTA,AATGATACGGCGACCACCGAGATCTACACGCCTCCCTCGCGCCATCAGAGATGTG,769002,T2,Kylie
349,166.0,736.0,17094.0,0.0,0.0,0.0,0.0,0.0,F4,99.0,CAAGCAGAAGACGGCATACGAGAT GCCTAGCCCAAT AGTCAGTCAG CC GGACTACHVGGGTWTCTAAT        806rcbc99,GCCTAGCCCAAT,AATGATACGGCGACCACCGAGATCTACACGCCTCCCTCGCGCCATCAGAGATGTG,769055,T1,Kylie
350,1216.0,220.0,13183.0,10454.0,0.0,0.0,0.0,0.0,F40,140.0,CAAGCAGAAGACGGCATACGAGAT GGTTATTTGGCG AGTCAGTCAG CC GGACTACHVGGGTWTCTAAT        806rcbc140,GGTTATTTGGCG,AATGATACGGCGACCACCGAGATCTACACGCCTCCCTCGCGCCATCAGAGATGTG,769004,T2,Kylie
351,194.0,10965.0,13698.0,3.0,0.0,0.0,0.0,0.0,F41,141.0,CAAGCAGAAGACGGCATACGAGAT GGATCGTAATAC AGTCAGTCAG CC GGACTACHVGGGTWTCTAAT        806rcbc141,GGATCGTAATAC,AATGATACGGCGACCACCGAGATCTACACGCCTCCCTCGCGCCATCAGAGATGTG,769005,T2,Kylie
352,780.0,3711.0,19061.0,13.0,0.0,1820.0,213.0,46.0,F42,142.0,CAAGCAGAAGACGGCATACGAGAT GCATAGCATCAA AGTCAGTCAG CC GGACTACHVGGGTWTCTAAT        806rcbc142,GCATAGCATCAA,AATGATACGGCGACCACCGAGATCTACACGCCTCCCTCGCGCCATCAGAGATGTG,769006,T2,Kylie
353,392.0,1369.0,13225.0,0.0,1745.0,1219.0,6.0,0.0,F43,143.0,CAAGCAGAAGACGGCATACGAGAT GTGTTAGATGTG AGTCAGTCAG CC GGACTACHVGGGTWTCTAAT        806rcbc143,GTGTTAGATGTG,AATGATACGGCGACCACCGAGATCTACACGCCTCCCTCGCGCCATCAGAGATGTG,769007,T2,Kylie
354,278.0,4701.0,9655.0,37.0,1419.0,0.0,0.0,0.0,F44,144.0,CAAGCAGAAGACGGCATACGAGAT TTAGAGCCATGC AGTCAGTCAG CC GGACTACHVGGGTWTCTAAT        806rcbc144,TTAGAGCCATGC,AATGATACGGCGACCACCGAGATCTACACGCCTCCCTCGCGCCATCAGAGATGTG,769015,T2,Kylie
355,380.0,889.0,8727.0,4382.0,0.0,0.0,48.0,0.0,F45,145.0,CAAGCAGAAGACGGCATACGAGAT TGAACCCTATGG AGTCAGTCAG CC GGACTACHVGGGTWTCTAAT        806rcbc145,TGAACCCTATGG,AATGATACGGCGACCACCGAGATCTACACGCCTCCCTCGCGCCATCAGAGATGTG,769017,T2,Kylie
356,745.0,1156.0,3698.0,63.0,5093.0,179.0,32.0,0.0,F46,90.0,CAAGCAGAAGACGGCATACGAGAT ATGTCACCGCTG AGTCAGTCAG CC GGACTACHVGGGTWTCTAAT        806rcbc90,ATGTCACCGCTG,AATGATACGGCGACCACCGAGATCTACACGCCTCCCTCGCGCCATCAGAGATGTG,769018,T2,Kylie
357,4548.0,1670.0,25165.0,15.0,156.0,0.0,13.0,0.0,F5,361.0,CAAGCAGAAGACGGCATACGAGAT TCGATTGGCCGT AGTCAGTCAG CC GGACTACHVGGGTWTCTAAT        806rcbc361,TCGATTGGCCGT,AATGATACGGCGACCACCGAGATCTACACGCCTCCCTCGCGCCATCAGAGATGTG,769056,HC,Kylie
358,8275.0,1884.0,22515.0,33.0,336.0,0.0,59.0,0.0,F6,102.0,CAAGCAGAAGACGGCATACGAGAT GTCACGGACATT AGTCAGTCAG CC GGACTACHVGGGTWTCTAAT        806rcbc102,GTCACGGACATT,AATGATACGGCGACCACCGAGATCTACACGCCTCCCTCGCGCCATCAGAGATGTG,769057,HC,Kylie
359,202.0,7486.0,22354.0,51.0,162.0,151.0,0.0,0.0,F7,103.0,CAAGCAGAAGACGGCATACGAGAT GCGAGCGAAGTA AGTCAGTCAG CC GGACTACHVGGGTWTCTAAT        806rcbc103,GCGAGCGAAGTA,AATGATACGGCGACCACCGAGATCTACACGCCTCCCTCGCGCCATCAGAGATGTG,769058,HC,Kylie
360,5124.0,237.0,40807.0,57.0,0.0,0.0,0.0,0.0,F8,104.0,CAAGCAGAAGACGGCATACGAGAT ATCTACCGAAGC AGTCAGTCAG CC GGACTACHVGGGTWTCTAAT        806rcbc104,ATCTACCGAAGC,AATGATACGGCGACCACCGAGATCTACACGCCTCCCTCGCGCCATCAGAGATGTG,769059,HC,Kylie
361,218.0,10815.0,13756.0,18.0,4620.0,0.0,0.0,0.0,F9,105.0,CAAGCAGAAGACGGCATACGAGAT ACTTGGTGTAAG AGTCAGTCAG CC GGACTACHVGGGTWTCTAAT        806rcbc105,ACTTGGTGTAAG,AATGATACGGCGACCACCGAGATCTACACGCCTCCCTCGCGCCATCAGAGATGTG,769060,HC,Kylie
37,293.0,175.0,9294.0,101.0,196.0,0.0,27.0,0.0,17,167.0,CAAGCAGAAGACGGCATACGAGAT CGCTACAACTCG AGTCAGTCAG CC GGACTACHVGGGTWTCTAAT        806rcbc167,CGCTACAACTCG,AATGATACGGCGACCACCGAGATCTACACGCCTCCCTCGCGCCATCAGAGATGTG,469066,HC,Kylie
38,469.0,4993.0,12909.0,39.0,0.0,0.0,62.0,0.0,18,146.0,CAAGCAGAAGACGGCATACGAGAT AGAGTCTTGCCA AGTCAGTCAG CC GGACTACHVGGGTWTCTAAT        806rcbc146,AGAGTCTTGCCA,AATGATACGGCGACCACCGAGATCTACACGCCTCCCTCGCGCCATCAGAGATGTG,369074,T2,Kylie
41,332.0,388.0,11379.0,62.0,0.0,0.0,0.0,0.0,21,171.0,CAAGCAGAAGACGGCATACGAGAT TGGGTCCCACAT AGTCAGTCAG CC GGACTACHVGGGTWTCTAAT        806rcbc171,TGGGTCCCACAT,AATGATACGGCGACCACCGAGATCTACACGCCTCCCTCGCGCCATCAGAGATGTG,369078,HC,Kylie
43,8733.0,923.0,14882.0,33.0,348.0,0.0,24.0,0.0,23,147.0,CAAGCAGAAGACGGCATACGAGAT ACAACACTCCGA AGTCAGTCAG CC GGACTACHVGGGTWTCTAAT        806rcbc147,ACAACACTCCGA,AATGATACGGCGACCACCGAGATCTACACGCCTCCCTCGCGCCATCAGAGATGTG,708,T2,Kylie
44,5251.0,244.0,15776.0,124.0,3452.0,0.0,12.0,0.0,24,174.0,CAAGCAGAAGACGGCATACGAGAT AGTTGTAGTCCG AGTCAGTCAG CC GGACTACHVGGGTWTCTAAT        806rcbc174,AGTTGTAGTCCG,AATGATACGGCGACCACCGAGATCTACACGCCTCCCTCGCGCCATCAGAGATGTG,469076,HC,Kylie
45,202.0,4335.0,13425.0,243.0,0.0,37.0,28.0,0.0,25,175.0,CAAGCAGAAGACGGCATACGAGAT TCGTCAAACCCG AGTCAGTCAG CC GGACTACHVGGGTWTCTAAT        806rcbc175,TCGTCAAACCCG,AATGATACGGCGACCACCGAGATCTACACGCCTCCCTCGCGCCATCAGAGATGTG,469021,T2,Kylie
50,15214.0,380.0,13010.0,0.0,0.0,0.0,0.0,0.0,30,180.0,CAAGCAGAAGACGGCATACGAGAT GTGCAACCAATC AGTCAGTCAG CC GGACTACHVGGGTWTCTAAT        806rcbc180,GTGCAACCAATC,AATGATACGGCGACCACCGAGATCTACACGCCTCCCTCGCGCCATCAGAGATGTG,469046,T2,Kylie
51,3551.0,139.0,13666.0,3520.0,0.0,0.0,0.0,0.0,31,181.0,CAAGCAGAAGACGGCATACGAGAT GCTTGAGCTTGA AGTCAGTCAG CC GGACTACHVGGGTWTCTAAT        806rcbc181,GCTTGAGCTTGA,AATGATACGGCGACCACCGAGATCTACACGCCTCCCTCGCGCCATCAGAGATGTG,720,T1,Kylie
52,2338.0,9.0,21570.0,89.0,0.0,0.0,0.0,0.0,32,182.0,CAAGCAGAAGACGGCATACGAGAT CGCTGTGGATTA AGTCAGTCAG CC GGACTACHVGGGTWTCTAAT        806rcbc182,CGCTGTGGATTA,AATGATACGGCGACCACCGAGATCTACACGCCTCCCTCGCGCCATCAGAGATGTG,469004,T1,Kylie
53,174.0,4208.0,16977.0,7.0,0.0,0.0,0.0,0.0,33,183.0,CAAGCAGAAGACGGCATACGAGAT CTGTCAGTGACC AGTCAGTCAG CC GGACTACHVGGGTWTCTAAT        806rcbc183,CTGTCAGTGACC,AATGATACGGCGACCACCGAGATCTACACGCCTCCCTCGCGCCATCAGAGATGTG,369029,HC,Kylie
55,4863.0,37.0,23715.0,2370.0,0.0,0.0,0.0,0.0,35,148.0,CAAGCAGAAGACGGCATACGAGAT CGATGCTGTTGA AGTCAGTCAG CC GGACTACHVGGGTWTCTAAT        806rcbc148,CGATGCTGTTGA,AATGATACGGCGACCACCGAGATCTACACGCCTCCCTCGCGCCATCAGAGATGTG,469106,T1,Kylie
56,140.0,514.0,5048.0,0.0,0.0,0.0,5.0,0.0,36,186.0,CAAGCAGAAGACGGCATACGAGAT CTGATCCATCTT AGTCAGTCAG CC GGACTACHVGGGTWTCTAAT        806rcbc186,CTGATCCATCTT,AATGATACGGCGACCACCGAGATCTACACGCCTCCCTCGCGCCATCAGAGATGTG,369027,T1,Kylie
57,4968.0,3587.0,18071.0,334.0,0.0,0.0,61.0,0.0,37,187.0,CAAGCAGAAGACGGCATACGAGAT TATGTGCCGGCT AGTCAGTCAG CC GGACTACHVGGGTWTCTAAT        806rcbc187,TATGTGCCGGCT,AATGATACGGCGACCACCGAGATCTACACGCCTCCCTCGCGCCATCAGAGATGTG,469025,T1,Kylie
58,43.0,15680.0,12833.0,172.0,3325.0,0.0,0.0,0.0,38,188.0,CAAGCAGAAGACGGCATACGAGAT TGGTCGCATCGT AGTCAGTCAG CC GGACTACHVGGGTWTCTAAT        806rcbc188,TGGTCGCATCGT,AATGATACGGCGACCACCGAGATCTACACGCCTCCCTCGCGCCATCAGAGATGTG,714,T1,Kylie
59,122.0,4088.0,18960.0,44.0,0.0,0.0,0.0,0.0,39,189.0,CAAGCAGAAGACGGCATACGAGAT TGTAAGACTTGG AGTCAGTCAG CC GGACTACHVGGGTWTCTAAT        806rcbc189,TGTAAGACTTGG,AATGATACGGCGACCACCGAGATCTACACGCCTCCCTCGCGCCATCAGAGATGTG,369069,HC,Kylie
61,42.0,1919.0,14487.0,6.0,93.0,0.0,0.0,0.0,41,191.0,CAAGCAGAAGACGGCATACGAGAT CGATCTTCGAGC AGTCAGTCAG CC GGACTACHVGGGTWTCTAAT        806rcbc191,CGATCTTCGAGC,AATGATACGGCGACCACCGAGATCTACACGCCTCCCTCGCGCCATCAGAGATGTG,469015,T2,Kylie
62,103.0,5710.0,8864.0,3.0,5.0,1215.0,0.0,0.0,42,192.0,CAAGCAGAAGACGGCATACGAGAT GTCGAATTTGCG AGTCAGTCAG CC GGACTACHVGGGTWTCTAAT        806rcbc192,GTCGAATTTGCG,AATGATACGGCGACCACCGAGATCTACACGCCTCCCTCGCGCCATCAGAGATGTG,469021,T1,Kylie
63,4940.0,4624.0,15062.0,9.0,40.0,0.0,18.0,0.0,43,149.0,CAAGCAGAAGACGGCATACGAGAT ACGACTGCATAA AGTCAGTCAG CC GGACTACHVGGGTWTCTAAT        806rcbc149,ACGACTGCATAA,AATGATACGGCGACCACCGAGATCTACACGCCTCCCTCGCGCCATCAGAGATGTG,369123,T2,Kylie
65,4.0,18.0,1437.0,0.0,0.0,0.0,0.0,0.0,45,150.0,CAAGCAGAAGACGGCATACGAGAT ACGCGAACTAAT AGTCAGTCAG CC GGACTACHVGGGTWTCTAAT        806rcbc150,ACGCGAACTAAT,AATGATACGGCGACCACCGAGATCTACACGCCTCCCTCGCGCCATCAGAGATGTG,469030,T2,Kylie
66,6045.0,516.0,14483.0,90.0,1378.0,0.0,82.0,0.0,46,196.0,CAAGCAGAAGACGGCATACGAGAT CGCTCACAGAAT AGTCAGTCAG CC GGACTACHVGGGTWTCTAAT        806rcbc196,CGCTCACAGAAT,AATGATACGGCGACCACCGAGATCTACACGCCTCCCTCGCGCCATCAGAGATGTG,707,T1,Kylie
67,1660.0,0.0,26947.0,0.0,0.0,0.0,0.0,0.0,47,197.0,CAAGCAGAAGACGGCATACGAGAT ATTCGGTAGTGC AGTCAGTCAG CC GGACTACHVGGGTWTCTAAT        806rcbc197,ATTCGGTAGTGC,AATGATACGGCGACCACCGAGATCTACACGCCTCCCTCGCGCCATCAGAGATGTG,469024,T2,Kylie
68,702.0,5358.0,24369.0,0.0,0.0,0.0,53.0,0.0,48,198.0,CAAGCAGAAGACGGCATACGAGAT CGAGCTGTTACC AGTCAGTCAG CC GGACTACHVGGGTWTCTAAT        806rcbc198,CGAGCTGTTACC,AATGATACGGCGACCACCGAGATCTACACGCCTCCCTCGCGCCATCAGAGATGTG,469051,HC,Kylie
74,12.0,304.0,15155.0,0.0,4725.0,0.0,0.0,0.0,54,204.0,CAAGCAGAAGACGGCATACGAGAT AGGGTGACTTTA AGTCAGTCAG CC GGACTACHVGGGTWTCTAAT        806rcbc204,AGGGTGACTTTA,AATGATACGGCGACCACCGAGATCTACACGCCTCCCTCGCGCCATCAGAGATGTG,469013,T1,Kylie
75,194.0,1656.0,9686.0,89.0,85.0,5.0,5.0,0.0,55,205.0,CAAGCAGAAGACGGCATACGAGAT GACTTCATGCGA AGTCAGTCAG CC GGACTACHVGGGTWTCTAAT        806rcbc205,GACTTCATGCGA,AATGATACGGCGACCACCGAGATCTACACGCCTCCCTCGCGCCATCAGAGATGTG,469036,T1,Kylie
78,2318.0,4294.0,24624.0,234.0,0.0,10.0,24.0,0.0,58,208.0,CAAGCAGAAGACGGCATACGAGAT TTCGATGCCGCA AGTCAGTCAG CC GGACTACHVGGGTWTCTAAT        806rcbc208,TTCGATGCCGCA,AATGATACGGCGACCACCGAGATCTACACGCCTCCCTCGCGCCATCAGAGATGTG,469070,HC,Kylie
81,164.0,5581.0,12116.0,15.0,292.0,0.0,0.0,0.0,61,211.0,CAAGCAGAAGACGGCATACGAGAT TGCACGTGATAA AGTCAGTCAG CC GGACTACHVGGGTWTCTAAT        806rcbc211,TGCACGTGATAA,AATGATACGGCGACCACCGAGATCTACACGCCTCCCTCGCGCCATCAGAGATGTG,469043,T1,Kylie
82,779.0,2639.0,12291.0,0.0,0.0,101.0,0.0,0.0,62,152.0,CAAGCAGAAGACGGCATACGAGAT ACGGGTCATCAT AGTCAGTCAG CC GGACTACHVGGGTWTCTAAT        806rcbc152,ACGGGTCATCAT,AATGATACGGCGACCACCGAGATCTACACGCCTCCCTCGCGCCATCAGAGATGTG,369007,T1,Kylie
83,243.0,7079.0,19292.0,0.0,0.0,0.0,9.0,0.0,63,213.0,CAAGCAGAAGACGGCATACGAGAT AAGACAGCTATC AGTCAGTCAG CC GGACTACHVGGGTWTCTAAT        806rcbc213,AAGACAGCTATC,AATGATACGGCGACCACCGAGATCTACACGCCTCCCTCGCGCCATCAGAGATGTG,369107,T2,Kylie
84,117.0,173.0,3840.0,0.0,2.0,0.0,0.0,0.0,64,153.0,CAAGCAGAAGACGGCATACGAGAT GAAACATCCCAC AGTCAGTCAG CC GGACTACHVGGGTWTCTAAT        806rcbc153,GAAACATCCCAC,AATGATACGGCGACCACCGAGATCTACACGCCTCCCTCGCGCCATCAGAGATGTG,469108,T1,Kylie
85,77.0,3232.0,7942.0,3.0,5.0,5.0,0.0,0.0,65,215.0,CAAGCAGAAGACGGCATACGAGAT TTCTCCATCACA AGTCAGTCAG CC GGACTACHVGGGTWTCTAAT        806rcbc215,TTCTCCATCACA,AATGATACGGCGACCACCGAGATCTACACGCCTCCCTCGCGCCATCAGAGATGTG,469060,HC,Kylie
89,281.0,11846.0,29314.0,41.0,329.0,0.0,0.0,0.0,69,219.0,CAAGCAGAAGACGGCATACGAGAT TGGTTGGTTACG AGTCAGTCAG CC GGACTACHVGGGTWTCTAAT        806rcbc219,TGGTTGGTTACG,AATGATACGGCGACCACCGAGATCTACACGCCTCCCTCGCGCCATCAGAGATGTG,469055,HC,Kylie
91,4.0,1625.0,3878.0,24.0,0.0,57.0,0.0,0.0,71,221.0,CAAGCAGAAGACGGCATACGAGAT CAACGTGCTCCA AGTCAGTCAG CC GGACTACHVGGGTWTCTAAT        806rcbc221,CAACGTGCTCCA,AATGATACGGCGACCACCGAGATCTACACGCCTCCCTCGCGCCATCAGAGATGTG,369072,HC,Kylie
94,748.0,1396.0,11088.0,0.0,0.0,0.0,0.0,0.0,74,224.0,CAAGCAGAAGACGGCATACGAGAT GTAATGCGTAAC AGTCAGTCAG CC GGACTACHVGGGTWTCTAAT        806rcbc224,GTAATGCGTAAC,AATGATACGGCGACCACCGAGATCTACACGCCTCCCTCGCGCCATCAGAGATGTG,469113,T2,Kylie
